PROVINCIA,MUNICIPIO,ESTACION,MAGNITUD,PUNTO_MUESTREO,ANO,MES,D01,V01,D02,V02,D03,V03,D04,V04,D05,V05,D06,V06,D07,V07,D08,V08,D09,V09,D10,V10,D11,V11,D12,V12,D13,V13,D14,V14,D15,V15,D16,V16,D17,V17,D18,V18,D19,V19,D20,V20,D21,V21,D22,V22,D23,V23,D24,V24,D25,V25,D26,V26,D27,V27,D28,V28,D29,V29,D30,V30,D31,V31
28,79,4,1,28079004_1_38,2020,1,9.0,V,10.0,V,9.0,V,7.0,V,8.0,V,9.0,V,12.0,V,14.0,V,11.0,V,9.0,V,8.0,V,9.0,V,8.0,V,9.0,V,10.0,V,11.0,V,9.0,V,8.0,V,6.0,V,4.0,N,0.0,N,0.0,N,0.0,N,0.0,N,0.0,N,0.0,N,0.0,N,0.0,N,0.0,N,6.0,N,7.0,V
28,79,4,1,28079004_1_38,2020,2,8.0,V,9.0,V,10.0,V,11.0,V,9.0,V,9.0,V,9.0,V,10.0,V,10.0,V,9.0,V,10.0,V,10.0,V,10.0,V,9.0,V,9.0,V,10.0,V,11.0,V,10.0,V,10.0,V,10.0,V,10.0,V,11.0,V,11.0,V,11.0,V,12.0,V,10.0,V,9.0,V,11.0,V,1.0,N,0.0,N,0.0,N
28,79,4,6,28079004_6_48,2020,1,0.7,V,0.7,V,0.8,V,0.4,V,0.5,V,0.5,V,0.8,V,0.9,V,0.6,V,0.3,V,0.4,V,0.5,V,0.5,V,0.5,V,0.5,V,0.4,V,0.2,V,0.3,V,0.2,V,0.1,N,0.0,N,0.0,N,0.0,N,0.0,N,0.0,N,0.0,N,0.0,N,0.0,N,0.0,N,0.1,N,0.1,V
28,79,4,6,28079004_6_48,2020,2,0.1,V,0.1,V,0.3,V,0.4,V,0.3,V,0.4,V,0.4,V,0.4,V,0.2,V,0.3,V,0.4,V,0.3,V,0.2,V,0.3,V,0.3,V,0.3,V,0.2,V,0.2,V,0.3,V,0.4,V,0.4,V,0.4,V,0.3,V,0.4,V,0.3,V,0.1,V,0.1,V,0.2,V,0.6,N,0.0,N,0.0,N
28,79,4,7,28079004_7_8,2020,1,80.0,V,116.0,V,131.0,V,41.0,V,53.0,V,64.0,V,136.0,V,156.0,V,99.0,V,40.0,V,38.0,V,56.0,V,77.0,V,84.0,V,72.0,V,49.0,V,16.0,V,20.0,V,6.0,V,16.0,N,0.0,N,0.0,N,0.0,N,0.0,N,0.0,N,0.0,N,0.0,N,0.0,N,0.0,N,5.0,N,7.0,V
28,79,4,7,28079004_7_8,2020,2,3.0,V,7.0,V,45.0,V,71.0,V,33.0,V,44.0,V,54.0,V,42.0,V,20.0,V,36.0,V,61.0,V,39.0,V,12.0,V,32.0,V,36.0,V,24.0,V,27.0,V,20.0,V,40.0,V,55.0,V,54.0,V,42.0,V,28.0,V,47.0,V,53.0,V,10.0,V,8.0,V,32.0,V,61.0,N,0.0,N,0.0,N
28,79,4,8,28079004_8_8,2020,1,58.0,V,70.0,V,72.0,V,42.0,V,56.0,V,56.0,V,86.0,V,93.0,V,78.0,V,46.0,V,55.0,V,63.0,V,71.0,V,68.0,V,80.0,V,70.0,V,42.0,V,48.0,V,26.0,V,35.0,N,0.0,N,0.0,N,0.0,N,0.0,N,0.0,N,0.0,N,0.0,N,0.0,N,0.0,N,21.0,N,20.0,V
28,79,4,8,28079004_8_8,2020,2,13.0,V,26.0,V,40.0,V,40.0,V,43.0,V,50.0,V,45.0,V,37.0,V,33.0,V,47.0,V,50.0,V,49.0,V,33.0,V,44.0,V,34.0,V,29.0,V,33.0,V,43.0,V,53.0,V,62.0,V,58.0,V,59.0,V,48.0,V,59.0,V,43.0,V,25.0,V,25.0,V,42.0,V,60.0,N,0.0,N,0.0,N
28,79,4,12,28079004_12_8,2020,1,181.0,V,247.0,V,273.0,V,104.0,V,137.0,V,155.0,V,294.0,V,333.0,V,229.0,V,107.0,V,113.0,V,149.0,V,189.0,V,196.0,V,191.0,V,145.0,V,67.0,V,79.0,V,35.0,V,60.0,N,0.0,N,0.0,N,0.0,N,0.0,N,0.0,N,0.0,N,0.0,N,0.0,N,0.0,N,29.0,N,30.0,V
28,79,4,12,28079004_12_8,2020,2,18.0,V,38.0,V,109.0,V,149.0,V,93.0,V,117.0,V,128.0,V,102.0,V,64.0,V,102.0,V,144.0,V,108.0,V,51.0,V,93.0,V,90.0,V,66.0,V,74.0,V,74.0,V,115.0,V,147.0,V,141.0,V,122.0,V,90.0,V,131.0,V,124.0,V,41.0,V,38.0,V,90.0,V,153.0,N,0.0,N,0.0,N
28,79,8,1,28079008_1_38,2020,1,8.0,V,8.0,V,8.0,V,8.0,V,8.0,V,8.0,V,9.0,V,11.0,V,9.0,V,8.0,V,8.0,V,9.0,V,8.0,V,8.0,V,8.0,V,7.0,V,7.0,V,6.0,V,7.0,V,7.0,V,7.0,V,7.0,V,7.0,V,6.0,V,6.0,V,6.0,V,6.0,V,6.0,V,6.0,V,6.0,V,6.0,V
28,79,8,1,28079008_1_38,2020,2,6.0,V,6.0,V,7.0,V,8.0,V,8.0,V,7.0,V,7.0,V,6.0,V,6.0,V,7.0,V,7.0,V,6.0,V,6.0,V,7.0,V,7.0,V,7.0,V,7.0,V,7.0,V,8.0,V,9.0,V,9.0,V,9.0,V,8.0,V,8.0,V,8.0,V,7.0,V,7.0,V,8.0,V,7.0,V,0.0,N,0.0,N
28,79,8,6,28079008_6_48,2020,1,0.7,V,0.6,V,0.9,V,0.4,V,0.4,V,0.6,V,0.8,V,1.0,V,0.7,V,0.4,V,0.4,V,0.6,V,0.8,V,0.6,V,0.6,V,0.5,V,0.4,V,0.4,V,0.3,V,0.3,V,0.3,V,0.4,V,0.4,V,0.4,V,0.3,V,0.4,V,0.4,V,0.4,V,0.4,V,0.4,V,0.4,V
28,79,8,6,28079008_6_48,2020,2,0.3,V,0.3,V,0.5,V,0.6,V,0.4,V,0.5,V,0.5,V,0.4,V,0.4,V,0.5,V,0.6,V,0.5,V,0.4,V,0.5,V,0.5,V,0.5,V,0.4,V,0.4,V,0.4,V,0.7,V,0.6,V,0.6,V,0.5,V,0.5,V,0.5,V,0.3,V,0.4,V,0.4,V,0.3,V,0.0,N,0.0,N
28,79,8,7,28079008_7_8,2020,1,60.0,V,65.0,V,133.0,V,9.0,V,24.0,V,40.0,V,93.0,V,142.0,V,72.0,V,19.0,V,22.0,V,48.0,V,81.0,V,62.0,V,46.0,V,31.0,V,20.0,V,18.0,V,5.0,V,11.0,V,14.0,V,20.0,V,24.0,V,16.0,V,8.0,V,12.0,V,27.0,V,17.0,V,16.0,V,16.0,V,15.0,V
28,79,8,7,28079008_7_8,2020,2,10.0,V,9.0,V,54.0,V,86.0,V,23.0,V,32.0,V,33.0,V,27.0,V,12.0,V,35.0,V,62.0,V,44.0,V,27.0,V,34.0,V,37.0,V,43.0,V,24.0,V,17.0,V,30.0,V,65.0,V,49.0,V,35.0,V,18.0,V,33.0,V,56.0,V,6.0,V,11.0,V,34.0,V,18.0,V,0.0,N,0.0,N
28,79,8,8,28079008_8_8,2020,1,65.0,V,67.0,V,77.0,V,42.0,V,50.0,V,59.0,V,84.0,V,101.0,V,80.0,V,55.0,V,54.0,V,71.0,V,79.0,V,72.0,V,79.0,V,67.0,V,51.0,V,52.0,V,29.0,V,36.0,V,36.0,V,51.0,V,52.0,V,48.0,V,37.0,V,39.0,V,47.0,V,37.0,V,37.0,V,41.0,V,38.0,V
28,79,8,8,28079008_8_8,2020,2,30.0,V,33.0,V,47.0,V,61.0,V,56.0,V,61.0,V,57.0,V,50.0,V,42.0,V,52.0,V,55.0,V,49.0,V,44.0,V,49.0,V,49.0,V,47.0,V,43.0,V,49.0,V,56.0,V,81.0,V,69.0,V,71.0,V,53.0,V,68.0,V,65.0,V,38.0,V,45.0,V,60.0,V,35.0,V,0.0,N,0.0,N
28,79,8,9,28079008_9_47,2020,1,29.0,V,19.0,V,38.0,V,7.0,V,8.0,V,14.0,V,17.0,V,19.0,V,20.0,V,7.0,V,6.0,V,20.0,V,25.0,V,23.0,V,21.0,V,20.0,V,8.0,V,9.0,V,3.0,V,4.0,V,3.0,V,8.0,V,17.0,V,13.0,V,7.0,V,9.0,V,10.0,V,6.0,V,6.0,V,6.0,V,5.0,V
28,79,8,9,28079008_9_47,2020,2,6.0,V,9.0,V,21.0,V,23.0,V,6.0,V,13.0,V,15.0,V,20.0,V,16.0,V,17.0,V,24.0,V,21.0,V,17.0,V,18.0,V,19.0,V,16.0,V,11.0,V,7.0,V,8.0,V,15.0,V,11.0,V,13.0,V,9.0,V,10.0,V,13.0,V,4.0,V,17.0,V,19.0,V,13.0,V,0.0,N,0.0,N
28,79,8,10,28079008_10_47,2020,1,37.0,V,30.0,V,53.0,V,11.0,V,14.0,V,22.0,V,31.0,V,38.0,V,34.0,V,15.0,V,13.0,V,30.0,V,39.0,V,34.0,V,35.0,V,38.0,V,18.0,V,12.0,V,7.0,V,10.0,V,6.0,V,23.0,V,57.0,V,35.0,V,15.0,V,14.0,V,17.0,V,11.0,V,12.0,V,13.0,V,9.0,V
28,79,8,10,28079008_10_47,2020,2,9.0,V,12.0,V,42.0,V,48.0,V,13.0,V,24.0,V,27.0,V,34.0,V,24.0,V,25.0,V,35.0,V,30.0,V,25.0,V,27.0,V,29.0,V,26.0,V,17.0,V,14.0,V,20.0,V,31.0,V,27.0,V,31.0,V,23.0,V,26.0,V,30.0,V,13.0,V,80.0,V,72.0,V,45.0,V,0.0,N,0.0,N
28,79,8,12,28079008_12_8,2020,1,158.0,V,167.0,V,280.0,V,57.0,V,87.0,V,120.0,V,226.0,V,319.0,V,190.0,V,83.0,V,87.0,V,144.0,V,203.0,V,167.0,V,150.0,V,115.0,V,82.0,V,80.0,V,37.0,V,53.0,V,58.0,V,81.0,V,89.0,V,73.0,V,50.0,V,57.0,V,89.0,V,62.0,V,60.0,V,67.0,V,61.0,V
28,79,8,12,28079008_12_8,2020,2,45.0,V,47.0,V,130.0,V,193.0,V,92.0,V,111.0,V,108.0,V,92.0,V,60.0,V,106.0,V,151.0,V,116.0,V,86.0,V,102.0,V,106.0,V,112.0,V,80.0,V,74.0,V,102.0,V,181.0,V,145.0,V,125.0,V,80.0,V,118.0,V,151.0,V,48.0,V,62.0,V,113.0,V,63.0,V,0.0,N,0.0,N
28,79,8,14,28079008_14_6,2020,1,5.0,V,4.0,V,1.0,V,26.0,V,20.0,V,11.0,V,4.0,V,4.0,V,6.0,V,31.0,V,30.0,V,11.0,V,6.0,V,11.0,V,4.0,V,10.0,V,30.0,V,13.0,V,47.0,V,46.0,V,36.0,V,31.0,V,26.0,V,23.0,V,30.0,V,25.0,V,21.0,V,34.0,V,31.0,V,30.0,V,29.0,V
28,79,8,14,28079008_14_6,2020,2,28.0,V,17.0,V,9.0,V,6.0,V,31.0,V,15.0,V,16.0,V,14.0,V,20.0,V,12.0,V,2.0,V,2.0,V,10.0,V,9.0,V,14.0,V,19.0,V,11.0,V,28.0,V,29.0,V,14.0,V,31.0,V,24.0,V,42.0,V,26.0,V,23.0,V,55.0,V,43.0,V,26.0,V,43.0,V,0.0,N,0.0,N
28,79,8,20,28079008_20_59,2020,1,3.2,V,3.9,V,7.1,V,1.5,V,1.6,V,2.3,V,5.7,V,9.3,V,8.0,V,3.1,V,1.8,V,3.2,V,6.6,V,11.7,V,3.5,V,5.9,V,3.4,V,2.6,V,1.4,V,4.1,N,1.9,V,2.3,V,2.8,V,2.0,V,1.4,V,1.5,V,2.4,V,1.7,V,2.0,V,2.2,V,1.9,V
28,79,8,20,28079008_20_59,2020,2,1.4,V,1.4,V,4.1,V,7.1,V,2.9,V,3.8,V,3.2,V,3.3,V,1.8,V,3.8,V,5.6,V,4.7,V,3.1,V,3.8,V,3.6,V,3.5,V,2.5,V,2.4,V,4.5,V,6.2,V,5.1,V,5.0,V,2.8,V,4.1,V,6.1,V,2.5,V,3.4,V,3.9,V,2.2,V,0.0,N,0.0,N
28,79,8,30,28079008_30_59,2020,1,1.6,V,1.4,V,2.3,V,0.7,V,0.9,V,1.2,V,1.7,V,2.3,V,1.7,V,0.8,V,0.8,V,1.4,V,1.9,V,1.5,V,2.4,V,1.2,V,0.9,V,0.8,V,0.5,V,0.6,V,0.7,V,0.7,V,0.8,V,0.7,V,0.6,V,0.8,V,0.9,V,0.5,V,0.5,V,0.6,V,0.6,V
28,79,8,30,28079008_30_59,2020,2,0.4,V,0.5,V,0.8,V,1.5,V,0.9,V,1.1,V,1.0,V,1.0,V,0.8,V,0.8,V,1.1,V,0.9,V,0.8,V,1.0,V,1.1,V,1.2,V,0.7,V,0.8,V,1.0,V,1.6,V,1.4,V,1.5,V,1.0,V,1.2,V,1.3,V,0.7,V,0.7,V,1.0,V,0.7,V,0.0,N,0.0,N
28,79,8,35,28079008_35_59,2020,1,1.1,V,1.2,V,1.5,V,0.7,V,0.7,V,0.9,V,1.4,V,2.0,V,1.6,V,0.9,V,0.8,V,1.0,V,1.3,V,1.4,V,0.7,V,1.4,V,1.2,V,1.0,V,0.7,V,0.6,V,0.6,V,0.7,V,0.9,V,0.9,V,0.9,V,0.9,V,0.9,V,0.9,V,1.0,V,1.1,V,1.2,V
28,79,8,35,28079008_35_59,2020,2,1.2,V,1.2,V,1.9,V,2.6,V,1.3,V,1.4,V,1.4,V,1.4,V,1.1,V,1.5,V,1.7,V,1.6,V,1.3,V,1.4,V,1.6,V,1.5,V,1.3,V,1.1,V,1.3,V,1.7,V,2.0,V,2.3,V,2.0,V,2.0,V,1.8,V,1.1,V,1.2,V,1.7,V,1.1,V,0.0,N,0.0,N
28,79,8,42,28079008_42_2,2020,1,2.1,V,1.74,V,2.04,V,1.47,V,1.64,V,1.69,V,1.74,V,1.95,V,1.72,V,1.49,V,1.5,V,1.81,V,1.83,V,1.83,V,1.77,V,1.59,V,1.47,V,1.77,V,1.44,V,1.46,V,1.45,V,1.45,V,1.47,V,1.54,V,1.5,V,1.48,V,1.59,V,1.42,V,1.41,V,1.43,V,1.43,V
28,79,8,42,28079008_42_2,2020,2,1.42,V,1.5,V,1.68,V,1.89,V,1.49,V,1.55,V,1.56,V,1.94,V,1.53,V,1.63,V,1.76,V,1.78,V,1.52,V,1.59,V,1.65,V,1.71,V,1.51,V,1.48,V,1.52,V,1.64,V,1.62,V,1.66,V,1.6,V,1.62,V,1.96,V,1.46,V,1.46,V,1.61,V,1.57,V,0.0,N,0.0,N
28,79,8,43,28079008_43_2,2020,1,1.96,V,1.63,V,1.85,V,1.4,V,1.56,V,1.57,V,1.58,V,1.74,V,1.56,V,1.41,V,1.42,V,1.68,V,1.67,V,1.69,V,1.66,V,1.49,V,1.4,V,1.7,V,1.39,V,1.39,V,1.4,V,1.39,V,1.39,V,1.48,V,1.46,V,1.42,V,1.52,V,1.38,V,1.36,V,1.37,V,1.38,V
28,79,8,43,28079008_43_2,2020,2,1.36,V,1.45,V,1.57,V,1.72,V,1.41,V,1.45,V,1.47,V,1.86,V,1.47,V,1.53,V,1.63,V,1.67,V,1.45,V,1.49,V,1.53,V,1.6,V,1.44,V,1.41,V,1.43,V,1.48,V,1.47,V,1.5,V,1.48,V,1.49,V,1.82,V,1.4,V,1.4,V,1.5,V,1.51,V,0.0,N,0.0,N
28,79,8,44,28079008_44_2,2020,1,0.14,V,0.12,V,0.19,V,0.06,V,0.09,V,0.11,V,0.17,V,0.22,V,0.16,V,0.08,V,0.08,V,0.13,V,0.15,V,0.14,V,0.11,V,0.11,V,0.07,V,0.07,V,0.05,V,0.07,V,0.05,V,0.06,V,0.07,V,0.06,V,0.05,V,0.06,V,0.06,V,0.04,V,0.05,V,0.05,V,0.05,V
28,79,8,44,28079008_44_2,2020,2,0.05,V,0.05,V,0.12,V,0.17,V,0.08,V,0.1,V,0.09,V,0.08,V,0.06,V,0.09,V,0.12,V,0.1,V,0.08,V,0.09,V,0.11,V,0.11,V,0.07,V,0.07,V,0.1,V,0.16,V,0.15,V,0.16,V,0.12,V,0.12,V,0.15,V,0.06,V,0.06,V,0.12,V,0.06,V,0.0,N,0.0,N
28,79,11,7,28079011_7_8,2020,1,71.0,V,97.0,V,91.0,V,4.0,V,64.0,V,39.0,V,92.0,V,146.0,V,64.0,V,12.0,V,18.0,V,55.0,V,59.0,V,52.0,V,57.0,V,29.0,V,9.0,V,17.0,V,3.0,V,2.0,V,3.0,V,4.0,V,11.0,V,18.0,V,11.0,V,12.0,V,19.0,V,5.0,V,6.0,V,5.0,V,11.0,V
28,79,11,7,28079011_7_8,2020,2,4.0,V,11.0,V,48.0,V,74.0,V,21.0,V,36.0,V,30.0,V,34.0,V,11.0,V,43.0,V,56.0,V,54.0,V,15.0,V,32.0,V,27.0,V,21.0,V,19.0,V,12.0,V,27.0,V,61.0,V,69.0,V,43.0,V,16.0,V,25.0,V,43.0,V,16.0,V,13.0,V,30.0,V,11.0,V,0.0,N,0.0,N
28,79,11,8,28079011_8_8,2020,1,78.0,V,84.0,V,78.0,V,33.0,V,66.0,V,66.0,V,91.0,V,115.0,V,88.0,V,46.0,V,52.0,V,79.0,V,83.0,V,79.0,V,92.0,V,71.0,V,41.0,V,59.0,V,21.0,V,15.0,V,16.0,V,30.0,V,44.0,V,54.0,V,44.0,V,42.0,V,45.0,V,22.0,V,25.0,V,24.0,V,31.0,V
28,79,11,8,28079011_8_8,2020,2,18.0,V,43.0,V,50.0,V,71.0,V,52.0,V,69.0,V,64.0,V,59.0,V,45.0,V,61.0,V,65.0,V,63.0,V,44.0,V,55.0,V,51.0,V,45.0,V,40.0,V,39.0,V,55.0,V,90.0,V,76.0,V,75.0,V,56.0,V,64.0,V,66.0,V,36.0,V,34.0,V,64.0,V,24.0,V,0.0,N,0.0,N
28,79,11,12,28079011_12_8,2020,1,186.0,V,233.0,V,219.0,V,38.0,V,165.0,V,126.0,V,233.0,V,339.0,V,185.0,V,65.0,V,79.0,V,164.0,V,173.0,V,158.0,V,180.0,V,115.0,V,55.0,V,85.0,V,26.0,V,19.0,V,21.0,V,36.0,V,61.0,V,81.0,V,61.0,V,61.0,V,74.0,V,29.0,V,34.0,V,31.0,V,47.0,V
28,79,11,12,28079011_12_8,2020,2,24.0,V,60.0,V,124.0,V,185.0,V,84.0,V,123.0,V,110.0,V,111.0,V,62.0,V,127.0,V,150.0,V,146.0,V,66.0,V,104.0,V,92.0,V,77.0,V,69.0,V,58.0,V,97.0,V,184.0,V,182.0,V,141.0,V,81.0,V,102.0,V,132.0,V,60.0,V,53.0,V,110.0,V,40.0,V,0.0,N,0.0,N
28,79,11,20,28079011_20_59,2020,1,2.8,V,4.7,V,4.4,V,0.7,V,2.6,V,1.9,V,5.6,V,10.9,V,5.0,V,1.0,V,1.1,V,2.5,V,3.1,V,2.9,V,3.2,V,2.5,V,1.2,V,1.5,V,0.3,V,0.3,V,0.3,V,0.5,V,0.9,V,1.0,V,0.8,V,0.9,V,1.2,V,0.4,V,0.7,V,0.2,V,0.2,V
28,79,11,20,28079011_20_59,2020,2,0.3,V,0.8,V,3.2,V,4.5,V,1.6,V,2.5,V,2.2,V,2.5,V,1.1,V,2.4,V,3.5,V,3.1,V,1.4,V,2.1,V,1.6,V,1.4,V,1.1,V,1.0,V,1.9,V,4.0,V,5.1,V,3.4,V,1.6,V,2.0,V,2.6,V,1.9,V,0.8,V,2.1,V,1.0,V,0.0,N,0.0,N
28,79,11,30,28079011_30_59,2020,1,1.4,V,1.4,V,1.4,V,0.3,V,1.1,V,0.9,V,1.5,V,2.5,V,1.2,V,0.4,V,0.5,V,1.2,V,1.1,V,1.0,V,1.0,V,0.8,V,0.4,V,0.7,V,0.2,V,0.2,V,0.3,V,0.3,V,0.4,V,0.5,V,0.5,V,0.5,V,0.5,V,0.3,V,0.2,V,0.2,V,0.1,V
28,79,11,30,28079011_30_59,2020,2,0.2,V,0.3,V,0.7,V,0.9,V,0.5,V,0.7,V,0.7,V,0.9,V,0.6,V,0.7,V,0.8,V,0.7,V,0.6,V,0.7,V,0.6,V,0.6,V,0.4,V,0.4,V,0.8,V,1.1,V,1.4,V,1.1,V,0.6,V,0.6,V,0.7,V,0.4,V,0.3,V,0.6,V,0.4,V,0.0,N,0.0,N
28,79,11,35,28079011_35_59,2020,1,0.4,V,0.5,V,0.6,V,0.1,V,0.3,V,0.3,V,0.6,V,0.9,V,0.6,V,0.2,V,0.2,V,0.4,V,0.5,V,0.5,V,0.5,V,0.4,V,0.2,V,0.3,V,0.1,V,0.1,V,0.1,V,0.1,V,0.2,V,0.2,V,0.1,V,0.2,V,0.2,V,0.1,V,0.1,V,0.2,V,0.2,V
28,79,11,35,28079011_35_59,2020,2,0.1,V,0.2,V,0.4,V,0.6,V,0.2,V,0.4,V,0.4,V,0.5,V,0.2,V,0.4,V,0.5,V,0.6,V,0.3,V,0.4,V,0.3,V,0.3,V,0.3,V,0.3,V,0.5,V,0.6,V,0.6,V,0.6,V,0.3,V,0.4,V,0.5,V,0.2,V,0.3,V,0.4,V,0.2,V,0.0,N,0.0,N
28,79,16,6,28079016_6_48,2020,1,0.6,V,0.5,V,0.6,V,0.3,V,0.5,V,0.6,V,0.7,V,0.9,V,0.6,V,0.3,V,0.4,V,0.5,V,0.6,V,0.5,V,0.5,V,0.5,V,0.4,V,0.4,V,0.2,V,0.2,V,0.2,V,0.3,V,0.3,V,0.3,V,0.3,V,0.4,V,0.4,V,0.3,V,0.3,V,0.3,V,0.3,V
28,79,16,6,28079016_6_48,2020,2,0.3,V,0.3,V,0.5,V,0.5,V,0.4,V,0.4,V,0.5,V,0.5,V,0.4,V,0.5,V,0.5,V,0.5,V,0.4,V,0.4,V,0.5,V,0.4,V,0.3,V,0.3,V,0.5,V,0.5,V,0.5,V,0.5,V,0.4,V,0.4,V,0.5,V,0.3,V,0.3,V,0.5,V,0.3,V,0.0,N,0.0,N
28,79,16,7,28079016_7_8,2020,1,43.0,V,56.0,V,74.0,V,7.0,V,29.0,V,46.0,V,93.0,V,115.0,V,57.0,V,8.0,V,27.0,V,38.0,V,60.0,V,44.0,V,40.0,V,27.0,V,13.0,V,10.0,V,2.0,V,2.0,V,3.0,V,4.0,V,9.0,V,14.0,V,5.0,V,13.0,V,21.0,V,7.0,V,8.0,V,8.0,V,10.0,V
28,79,16,7,28079016_7_8,2020,2,6.0,V,6.0,V,49.0,V,60.0,V,17.0,V,18.0,V,20.0,V,16.0,V,11.0,V,5.0,N,75.0,N,47.0,V,28.0,V,31.0,V,42.0,V,22.0,V,18.0,V,9.0,V,39.0,V,43.0,V,56.0,V,30.0,V,24.0,V,23.0,V,53.0,V,6.0,V,9.0,V,40.0,V,9.0,V,0.0,N,0.0,N
28,79,16,8,28079016_8_8,2020,1,52.0,V,58.0,V,64.0,V,34.0,V,44.0,V,53.0,V,76.0,V,88.0,V,72.0,V,37.0,V,48.0,V,60.0,V,75.0,V,65.0,V,74.0,V,62.0,V,45.0,V,46.0,V,14.0,V,15.0,V,16.0,V,24.0,V,35.0,V,43.0,V,30.0,V,40.0,V,44.0,V,23.0,V,24.0,V,27.0,V,28.0,V
28,79,16,8,28079016_8_8,2020,2,19.0,V,32.0,V,41.0,V,51.0,V,30.0,V,28.0,V,26.0,V,25.0,V,20.0,V,8.0,N,65.0,N,52.0,V,45.0,V,43.0,V,46.0,V,38.0,V,39.0,V,30.0,V,46.0,V,61.0,V,58.0,V,55.0,V,43.0,V,55.0,V,55.0,V,21.0,V,26.0,V,55.0,V,22.0,V,0.0,N,0.0,N
28,79,16,12,28079016_12_8,2020,1,118.0,V,144.0,V,178.0,V,44.0,V,88.0,V,123.0,V,219.0,V,265.0,V,159.0,V,50.0,V,90.0,V,119.0,V,167.0,V,133.0,V,135.0,V,104.0,V,64.0,V,60.0,V,17.0,V,19.0,V,20.0,V,31.0,V,50.0,V,64.0,V,38.0,V,60.0,V,76.0,V,34.0,V,37.0,V,39.0,V,44.0,V
28,79,16,12,28079016_12_8,2020,2,27.0,V,42.0,V,115.0,V,143.0,V,55.0,V,55.0,V,56.0,V,49.0,V,36.0,V,15.0,N,180.0,N,125.0,V,88.0,V,91.0,V,110.0,V,72.0,V,67.0,V,44.0,V,105.0,V,127.0,V,143.0,V,100.0,V,80.0,V,90.0,V,135.0,V,30.0,V,40.0,V,116.0,V,36.0,V,0.0,N,0.0,N
28,79,16,14,28079016_14_6,2020,1,9.0,V,6.0,V,1.0,V,26.0,V,21.0,V,16.0,V,9.0,V,7.0,V,8.0,V,37.0,V,32.0,V,17.0,V,6.0,V,10.0,V,5.0,V,10.0,V,32.0,V,17.0,V,57.0,V,59.0,V,48.0,V,47.0,V,32.0,V,24.0,V,34.0,V,22.0,V,19.0,V,40.0,V,37.0,V,37.0,V,34.0,V
28,79,16,14,28079016_14_6,2020,2,35.0,V,18.0,V,12.0,V,9.0,V,34.0,V,15.0,V,14.0,V,10.0,V,16.0,V,8.0,V,3.0,V,2.0,V,8.0,V,12.0,V,15.0,V,21.0,V,12.0,V,36.0,V,35.0,V,21.0,V,33.0,V,29.0,V,45.0,V,29.0,V,29.0,V,64.0,V,52.0,V,27.0,V,46.0,V,0.0,N,0.0,N
28,79,17,1,28079017_1_38,2020,1,8.0,V,9.0,V,4.0,V,2.0,V,5.0,V,6.0,V,10.0,V,13.0,V,8.0,V,4.0,V,5.0,V,6.0,V,6.0,V,6.0,V,4.0,V,7.0,V,5.0,V,4.0,V,2.0,V,1.0,V,4.0,V,7.0,V,8.0,V,10.0,V,9.0,V,10.0,V,9.0,V,12.0,V,11.0,V,8.0,V,8.0,V
28,79,17,1,28079017_1_38,2020,2,8.0,V,8.0,V,10.0,V,11.0,V,10.0,V,8.0,V,10.0,V,8.0,V,7.0,V,7.0,V,8.0,V,8.0,V,7.0,V,8.0,V,9.0,V,8.0,V,7.0,V,7.0,V,8.0,V,10.0,V,9.0,V,10.0,V,9.0,V,9.0,V,9.0,V,7.0,V,7.0,V,10.0,V,9.0,V,0.0,N,0.0,N
28,79,17,7,28079017_7_8,2020,1,176.0,V,187.0,V,128.0,V,52.0,V,97.0,V,122.0,V,175.0,V,202.0,V,108.0,V,46.0,V,59.0,V,112.0,V,122.0,V,116.0,V,62.0,V,48.0,V,29.0,V,30.0,V,20.0,V,19.0,V,19.0,V,20.0,V,23.0,V,33.0,V,22.0,V,26.0,V,30.0,V,21.0,V,22.0,V,24.0,V,25.0,V
28,79,17,7,28079017_7_8,2020,2,24.0,V,22.0,V,67.0,V,126.0,V,82.0,V,69.0,V,123.0,V,83.0,V,53.0,V,62.0,V,67.0,V,42.0,V,33.0,V,63.0,V,122.0,V,86.0,V,39.0,V,31.0,V,70.0,V,145.0,V,116.0,V,127.0,V,86.0,V,97.0,V,73.0,V,23.0,V,24.0,V,77.0,V,36.0,V,0.0,N,0.0,N
28,79,17,8,28079017_8_8,2020,1,67.0,V,71.0,V,59.0,V,38.0,V,53.0,V,55.0,V,73.0,V,82.0,V,57.0,V,32.0,V,45.0,V,57.0,V,63.0,V,60.0,V,50.0,V,42.0,V,30.0,V,29.0,V,15.0,V,12.0,V,13.0,V,20.0,V,26.0,V,28.0,V,24.0,V,24.0,V,25.0,V,14.0,V,19.0,V,29.0,V,28.0,V
28,79,17,8,28079017_8_8,2020,2,22.0,V,28.0,V,47.0,V,57.0,V,59.0,V,60.0,V,63.0,V,57.0,V,47.0,V,51.0,V,51.0,V,47.0,V,36.0,V,49.0,V,57.0,V,45.0,V,42.0,V,43.0,V,56.0,V,83.0,V,79.0,V,83.0,V,68.0,V,75.0,V,53.0,V,24.0,V,30.0,V,56.0,V,25.0,V,0.0,N,0.0,N
28,79,17,12,28079017_12_8,2020,1,337.0,V,358.0,V,256.0,V,117.0,V,201.0,V,242.0,V,341.0,V,391.0,V,223.0,V,103.0,V,135.0,V,229.0,V,250.0,V,237.0,V,146.0,V,115.0,V,74.0,V,74.0,V,46.0,V,41.0,V,42.0,V,50.0,V,61.0,V,79.0,V,57.0,V,64.0,V,72.0,V,46.0,V,52.0,V,66.0,V,67.0,V
28,79,17,12,28079017_12_8,2020,2,59.0,V,62.0,V,151.0,V,250.0,V,184.0,V,166.0,V,251.0,V,184.0,V,128.0,V,147.0,V,154.0,V,112.0,V,87.0,V,145.0,V,245.0,V,177.0,V,102.0,V,91.0,V,164.0,V,305.0,V,257.0,V,278.0,V,200.0,V,223.0,V,165.0,V,58.0,V,67.0,V,173.0,V,81.0,V,0.0,N,0.0,N
28,79,17,14,28079017_14_6,2020,1,5.0,V,5.0,V,2.0,V,17.0,V,7.0,V,7.0,V,3.0,V,5.0,V,8.0,V,36.0,V,16.0,V,8.0,V,6.0,V,9.0,V,5.0,V,10.0,V,28.0,V,15.0,V,48.0,V,58.0,V,46.0,V,42.0,V,28.0,V,24.0,V,25.0,V,23.0,V,23.0,V,41.0,V,37.0,V,38.0,V,35.0,V
28,79,17,14,28079017_14_6,2020,2,33.0,V,23.0,V,9.0,V,8.0,V,27.0,V,12.0,V,12.0,V,8.0,V,16.0,V,10.0,V,5.0,V,4.0,V,14.0,V,9.0,V,13.0,V,18.0,V,12.0,V,24.0,V,28.0,V,14.0,V,18.0,V,14.0,V,23.0,V,17.0,V,26.0,V,60.0,V,48.0,V,29.0,V,45.0,V,0.0,N,0.0,N
28,79,18,1,28079018_1_38,2020,1,9.0,V,8.0,V,8.0,V,6.0,V,7.0,V,7.0,V,10.0,V,10.0,V,8.0,V,5.0,V,6.0,V,7.0,V,7.0,V,6.0,V,6.0,V,5.0,V,4.0,V,4.0,V,4.0,V,4.0,V,4.0,V,4.0,V,4.0,V,4.0,V,4.0,V,4.0,V,4.0,V,4.0,V,3.0,V,4.0,V,4.0,V
28,79,18,1,28079018_1_38,2020,2,4.0,V,4.0,V,7.0,V,9.0,V,7.0,V,7.0,V,8.0,V,7.0,V,6.0,V,7.0,V,8.0,V,7.0,V,5.0,V,7.0,V,8.0,V,7.0,V,5.0,V,5.0,V,6.0,V,9.0,V,9.0,V,9.0,V,8.0,V,9.0,V,9.0,V,6.0,V,5.0,V,8.0,V,6.0,V,0.0,N,0.0,N
28,79,18,6,28079018_6_48,2020,1,0.9,V,0.9,V,0.9,V,0.6,V,0.8,V,0.8,V,1.1,V,1.1,V,0.8,V,0.5,V,0.6,V,0.7,V,0.8,V,0.7,V,0.7,V,0.6,V,0.4,V,0.5,V,0.4,V,0.4,V,0.4,V,0.4,V,0.4,V,0.5,V,0.4,V,0.5,V,0.5,V,0.3,V,0.3,V,0.3,V,0.3,V
28,79,18,6,28079018_6_48,2020,2,0.3,V,0.4,V,0.6,V,0.6,V,0.5,V,0.6,V,0.7,V,0.6,V,0.5,V,0.6,V,0.6,V,0.5,V,0.4,V,0.6,V,0.7,V,0.5,V,0.4,V,0.4,V,0.5,V,0.7,V,0.7,V,0.6,V,0.6,V,0.6,V,0.5,V,0.3,V,0.3,V,0.5,V,0.3,V,0.0,N,0.0,N
28,79,18,7,28079018_7_8,2020,1,80.0,V,100.0,V,110.0,V,31.0,V,54.0,V,65.0,V,129.0,V,134.0,V,78.0,V,22.0,V,30.0,V,50.0,V,71.0,V,61.0,V,63.0,V,31.0,V,9.0,V,17.0,V,3.0,V,3.0,V,3.0,V,7.0,V,10.0,V,17.0,V,6.0,V,8.0,V,15.0,V,3.0,V,4.0,V,4.0,V,5.0,V
28,79,18,7,28079018_7_8,2020,2,4.0,V,6.0,V,54.0,V,68.0,V,32.0,V,36.0,V,62.0,V,36.0,V,16.0,V,35.0,V,49.0,V,33.0,V,13.0,V,37.0,V,42.0,V,23.0,V,13.0,V,11.0,V,27.0,V,57.0,V,53.0,V,42.0,V,26.0,V,37.0,V,41.0,V,4.0,V,3.0,V,32.0,V,6.0,V,0.0,N,0.0,N
28,79,18,8,28079018_8_8,2020,1,57.0,V,64.0,V,65.0,V,45.0,V,57.0,V,58.0,V,80.0,V,85.0,V,70.0,V,37.0,V,56.0,V,65.0,V,70.0,V,62.0,V,77.0,V,66.0,V,37.0,V,44.0,V,19.0,V,18.0,V,18.0,V,34.0,V,41.0,V,45.0,V,40.0,V,31.0,V,35.0,V,17.0,V,20.0,V,23.0,V,22.0,V
28,79,18,8,28079018_8_8,2020,2,17.0,V,29.0,V,50.0,V,55.0,V,49.0,V,55.0,V,55.0,V,47.0,V,37.0,V,51.0,V,51.0,V,51.0,V,37.0,V,49.0,V,42.0,V,35.0,V,35.0,V,44.0,V,51.0,V,71.0,V,68.0,V,67.0,V,56.0,V,63.0,V,47.0,V,16.0,V,19.0,V,48.0,V,18.0,V,0.0,N,0.0,N
28,79,18,10,28079018_10_47,2020,1,49.0,V,42.0,V,57.0,V,17.0,V,25.0,V,28.0,V,44.0,V,43.0,V,36.0,V,15.0,V,17.0,V,30.0,V,39.0,V,37.0,V,43.0,V,41.0,V,15.0,V,15.0,V,6.0,V,8.0,V,4.0,V,21.0,V,65.0,V,48.0,N,13.0,V,8.0,V,10.0,V,4.0,V,4.0,V,6.0,V,5.0,V
28,79,18,10,28079018_10_47,2020,2,4.0,V,8.0,V,30.0,V,30.0,V,9.0,V,15.0,V,21.0,V,22.0,V,15.0,V,16.0,V,21.0,V,20.0,V,14.0,V,18.0,V,16.0,V,13.0,V,7.0,V,9.0,V,11.0,V,20.0,V,17.0,V,16.0,V,13.0,V,16.0,V,17.0,V,6.0,V,51.0,V,47.0,V,27.0,V,0.0,N,0.0,N
28,79,18,12,28079018_12_8,2020,1,180.0,V,217.0,V,234.0,V,92.0,V,140.0,V,159.0,V,278.0,V,290.0,V,190.0,V,70.0,V,102.0,V,141.0,V,178.0,V,155.0,V,174.0,V,113.0,V,51.0,V,69.0,V,24.0,V,22.0,V,23.0,V,44.0,V,56.0,V,71.0,V,49.0,V,44.0,V,58.0,V,21.0,V,25.0,V,30.0,V,31.0,V
28,79,18,12,28079018_12_8,2020,2,23.0,V,39.0,V,132.0,V,159.0,V,98.0,V,110.0,V,151.0,V,102.0,V,62.0,V,105.0,V,126.0,V,102.0,V,56.0,V,105.0,V,106.0,V,69.0,V,55.0,V,60.0,V,93.0,V,158.0,V,149.0,V,131.0,V,96.0,V,120.0,V,110.0,V,22.0,V,24.0,V,96.0,V,28.0,V,0.0,N,0.0,N
28,79,18,14,28079018_14_6,2020,1,6.0,V,5.0,V,3.0,V,18.0,V,8.0,V,8.0,V,4.0,V,5.0,V,8.0,V,44.0,V,20.0,V,9.0,V,5.0,V,12.0,V,4.0,V,10.0,V,40.0,V,17.0,V,53.0,V,61.0,V,50.0,V,45.0,V,33.0,V,26.0,V,27.0,V,28.0,V,27.0,V,48.0,V,44.0,V,44.0,V,41.0,V
28,79,18,14,28079018_14_6,2020,2,38.0,V,21.0,V,11.0,V,7.0,V,29.0,V,11.0,V,12.0,V,14.0,V,24.0,V,13.0,V,4.0,V,3.0,V,14.0,V,10.0,V,15.0,V,20.0,V,15.0,V,26.0,V,28.0,V,12.0,V,21.0,V,16.0,V,27.0,V,22.0,V,30.0,V,69.0,V,60.0,V,34.0,V,52.0,V,0.0,N,0.0,N
28,79,18,20,28079018_20_59,2020,1,4.4,V,6.4,V,5.8,V,2.3,V,3.2,V,3.6,V,11.0,V,10.7,V,6.3,V,2.3,V,3.0,V,3.1,V,4.0,V,3.9,V,3.9,V,3.7,V,1.4,V,1.8,V,0.7,V,0.4,V,0.5,V,1.0,V,1.2,V,1.6,V,1.1,V,0.9,V,1.6,V,0.6,V,0.7,V,0.9,V,0.9,V
28,79,18,20,28079018_20_59,2020,2,0.5,V,0.7,V,3.3,V,5.1,V,9.0,V,4.7,V,6.7,V,3.9,V,2.0,V,4.0,V,4.2,V,3.3,V,2.1,V,3.8,V,3.6,V,2.0,V,1.6,V,1.7,V,3.1,V,5.6,V,11.5,V,6.4,V,3.3,V,3.9,V,5.0,V,0.8,V,0.9,V,3.2,V,1.0,V,0.0,N,0.0,N
28,79,18,30,28079018_30_59,2020,1,1.7,V,1.6,V,1.7,V,0.8,V,1.3,V,1.3,V,2.2,V,1.9,V,1.3,V,0.6,V,0.8,V,1.1,V,1.3,V,1.1,V,1.0,V,0.7,V,0.4,V,0.5,V,0.3,V,0.3,V,0.4,V,0.3,V,0.4,V,0.4,V,0.4,V,0.4,V,0.4,V,0.2,V,0.2,V,0.2,V,0.2,V
28,79,18,30,28079018_30_59,2020,2,0.2,V,0.2,V,0.5,V,0.7,V,0.8,V,0.8,V,1.1,V,0.9,V,0.6,V,0.8,V,0.8,V,0.6,V,0.4,V,0.7,V,0.8,V,0.5,V,0.4,V,0.4,V,0.5,V,0.9,V,0.9,V,0.9,V,0.7,V,0.6,V,0.6,V,0.3,V,0.2,V,0.5,V,0.2,V,0.0,N,0.0,N
28,79,18,35,28079018_35_59,2020,1,0.7,V,1.0,V,0.9,V,0.3,V,0.5,V,0.5,V,1.4,V,1.4,V,0.8,V,0.3,V,0.4,V,0.5,V,0.6,V,0.6,V,0.7,V,0.6,V,0.2,V,0.3,V,0.1,V,0.1,V,0.1,V,0.2,V,0.2,V,0.3,V,0.2,V,0.2,V,0.2,V,0.1,V,0.1,V,0.1,V,0.1,V
28,79,18,35,28079018_35_59,2020,2,0.2,V,0.2,V,0.6,V,0.9,V,0.6,V,0.7,V,1.0,V,0.7,V,0.3,V,0.6,V,0.6,V,0.5,V,0.3,V,0.6,V,0.6,V,0.3,V,0.2,V,0.2,V,0.5,V,0.8,V,0.9,V,0.7,V,0.5,V,0.6,V,0.7,V,0.1,V,0.1,V,0.5,V,0.2,V,0.0,N,0.0,N
28,79,24,1,28079024_1_38,2020,1,6.0,V,7.0,V,7.0,V,5.0,V,6.0,V,6.0,V,7.0,V,7.0,V,7.0,V,5.0,V,5.0,V,6.0,V,6.0,V,6.0,V,6.0,V,5.0,V,5.0,V,5.0,V,5.0,V,5.0,V,5.0,V,5.0,V,5.0,V,5.0,V,5.0,V,5.0,V,5.0,V,5.0,N,5.0,V,5.0,V,5.0,V
28,79,24,1,28079024_1_38,2020,2,5.0,V,5.0,V,5.0,V,6.0,V,5.0,V,5.0,V,5.0,V,5.0,V,5.0,V,5.0,V,5.0,V,5.0,V,5.0,V,5.0,V,5.0,V,5.0,V,5.0,V,5.0,V,5.0,V,6.0,V,5.0,V,6.0,V,5.0,V,5.0,V,5.0,V,5.0,V,5.0,V,5.0,V,5.0,V,0.0,N,0.0,N
28,79,24,6,28079024_6_48,2020,1,0.5,V,0.5,V,0.6,N,0.3,V,0.4,V,0.4,V,0.5,V,0.6,V,0.4,V,0.2,V,0.3,V,0.4,V,0.4,V,0.4,V,0.4,V,0.3,V,0.2,V,0.3,V,0.2,V,0.2,V,0.2,V,0.2,V,0.2,V,0.2,V,0.2,V,0.2,V,0.2,V,0.2,N,0.1,V,0.2,V,0.2,V
28,79,24,6,28079024_6_48,2020,2,0.2,V,0.2,V,0.3,V,0.2,V,0.1,V,0.2,V,0.2,V,0.2,V,0.1,V,0.2,V,0.3,V,0.2,V,0.1,V,0.2,V,0.2,V,0.2,V,0.1,N,0.1,V,0.2,N,0.2,V,0.1,V,0.2,V,0.1,V,0.2,V,0.1,V,0.1,V,0.1,V,0.2,V,0.2,V,0.0,N,0.0,N
28,79,24,7,28079024_7_8,2020,1,52.0,V,57.0,V,91.0,V,13.0,V,26.0,V,33.0,V,62.0,V,80.0,V,53.0,V,5.0,V,6.0,V,27.0,V,35.0,V,32.0,V,32.0,V,12.0,V,1.0,V,6.0,V,1.0,V,1.0,V,1.0,V,2.0,V,5.0,V,4.0,V,2.0,V,3.0,V,6.0,V,4.0,N,1.0,V,1.0,V,1.0,V
28,79,24,7,28079024_7_8,2020,2,1.0,V,2.0,V,20.0,V,46.0,V,9.0,V,14.0,V,21.0,V,20.0,V,4.0,V,18.0,V,32.0,V,26.0,V,2.0,V,15.0,V,18.0,V,12.0,V,2.0,V,3.0,V,13.0,V,27.0,V,14.0,V,14.0,V,5.0,V,16.0,V,20.0,V,1.0,V,1.0,V,12.0,V,3.0,V,0.0,N,0.0,N
28,79,24,8,28079024_8_8,2020,1,46.0,V,49.0,V,52.0,V,29.0,V,47.0,V,45.0,V,60.0,V,67.0,V,57.0,V,18.0,V,36.0,V,53.0,V,52.0,V,46.0,V,61.0,V,46.0,V,18.0,V,29.0,V,8.0,V,11.0,V,12.0,V,20.0,V,31.0,V,33.0,V,26.0,V,15.0,V,17.0,V,4.0,N,6.0,V,7.0,V,8.0,V
28,79,24,8,28079024_8_8,2020,2,5.0,V,17.0,V,34.0,V,44.0,V,32.0,V,41.0,V,38.0,V,26.0,V,20.0,V,36.0,V,40.0,V,43.0,V,21.0,V,38.0,V,28.0,V,21.0,V,17.0,V,25.0,V,37.0,V,56.0,V,43.0,V,49.0,V,36.0,V,45.0,V,31.0,V,6.0,V,6.0,V,33.0,V,13.0,V,0.0,N,0.0,N
28,79,24,9,28079024_9_47,2020,1,34.0,V,28.0,V,38.0,V,10.0,V,13.0,V,18.0,V,23.0,V,21.0,V,23.0,V,7.0,V,6.0,V,21.0,V,23.0,V,23.0,V,26.0,V,22.0,V,6.0,V,9.0,V,2.0,V,2.0,V,2.0,V,7.0,V,19.0,V,14.0,V,10.0,V,6.0,V,7.0,V,2.0,N,4.0,V,5.0,V,4.0,V
28,79,24,9,28079024_9_47,2020,2,3.0,V,7.0,V,20.0,V,18.0,V,4.0,V,11.0,V,17.0,V,18.0,V,13.0,V,14.0,V,20.0,V,25.0,V,16.0,V,16.0,V,15.0,V,14.0,V,7.0,V,6.0,V,8.0,V,15.0,V,9.0,V,13.0,V,9.0,V,12.0,V,11.0,V,4.0,V,20.0,V,23.0,V,13.0,V,0.0,N,0.0,N
28,79,24,10,28079024_10_47,2020,1,41.0,V,36.0,V,50.0,V,13.0,V,17.0,V,22.0,V,31.0,V,31.0,V,31.0,V,10.0,V,9.0,V,26.0,V,28.0,V,30.0,V,37.0,V,35.0,V,11.0,V,12.0,V,4.0,V,6.0,V,4.0,V,18.0,V,58.0,V,37.0,V,18.0,V,9.0,V,11.0,V,3.0,N,6.0,V,8.0,V,5.0,V
28,79,24,10,28079024_10_47,2020,2,4.0,V,9.0,V,38.0,V,37.0,V,9.0,V,16.0,V,25.0,V,27.0,V,18.0,V,19.0,V,27.0,V,31.0,V,18.0,V,22.0,V,19.0,V,17.0,V,9.0,V,9.0,V,12.0,V,23.0,V,16.0,V,20.0,V,15.0,V,20.0,V,18.0,V,7.0,V,80.0,V,68.0,V,39.0,V,0.0,N,0.0,N
28,79,24,12,28079024_12_8,2020,1,126.0,V,137.0,V,191.0,V,49.0,V,86.0,V,96.0,V,154.0,V,190.0,V,138.0,V,26.0,V,46.0,V,94.0,V,106.0,V,94.0,V,110.0,V,65.0,V,20.0,V,39.0,V,9.0,V,12.0,V,14.0,V,22.0,V,39.0,V,39.0,V,29.0,V,19.0,V,26.0,V,9.0,N,7.0,V,9.0,V,10.0,V
28,79,24,12,28079024_12_8,2020,2,7.0,V,20.0,V,64.0,V,115.0,V,46.0,V,62.0,V,71.0,V,55.0,V,26.0,V,64.0,V,89.0,V,83.0,V,25.0,V,62.0,V,55.0,V,40.0,V,21.0,V,31.0,V,57.0,V,97.0,V,65.0,V,71.0,V,44.0,V,70.0,V,62.0,V,7.0,V,8.0,V,52.0,V,17.0,V,0.0,N,0.0,N
28,79,24,14,28079024_14_6,2020,1,5.0,V,5.0,V,2.0,V,21.0,V,9.0,V,8.0,V,4.0,V,5.0,V,8.0,V,51.0,V,25.0,V,9.0,V,9.0,V,13.0,V,3.0,V,13.0,V,45.0,V,19.0,V,54.0,V,60.0,V,50.0,V,49.0,V,35.0,V,28.0,V,29.0,V,30.0,V,30.0,V,51.0,N,47.0,V,48.0,V,45.0,V
28,79,24,14,28079024_14_6,2020,2,40.0,V,21.0,V,11.0,V,9.0,V,33.0,V,12.0,V,15.0,V,20.0,V,27.0,V,15.0,V,4.0,V,3.0,V,18.0,V,9.0,V,17.0,V,24.0,V,22.0,V,34.0,V,27.0,V,12.0,V,27.0,V,20.0,V,33.0,V,25.0,V,34.0,V,69.0,V,60.0,V,35.0,V,47.0,V,0.0,N,0.0,N
28,79,24,20,28079024_20_59,2020,1,4.4,V,5.2,V,7.5,V,1.9,V,2.2,V,2.7,V,5.4,V,6.8,V,6.5,V,0.9,V,1.4,V,2.8,V,3.5,V,3.2,V,4.5,V,3.5,V,0.7,V,1.7,V,0.2,V,0.3,V,0.5,V,0.8,V,1.7,V,1.5,V,1.4,V,0.7,V,1.0,V,0.2,N,0.3,V,0.3,V,0.3,V
28,79,24,20,28079024_20_59,2020,2,0.2,V,0.6,V,3.0,V,5.3,V,2.0,V,2.6,V,3.6,V,2.5,V,1.0,V,3.0,V,5.8,V,5.8,V,1.9,V,3.7,V,2.7,V,1.7,V,0.7,V,1.2,V,2.5,V,4.1,V,2.8,V,3.4,V,1.6,V,2.8,V,3.4,V,0.3,V,0.2,V,2.1,V,0.8,V,0.0,N,0.0,N
28,79,24,30,28079024_30_59,2020,1,1.7,V,1.4,V,1.8,V,0.7,V,0.9,V,1.2,V,1.3,V,1.5,V,1.4,V,0.4,V,0.6,V,1.1,V,1.3,V,1.1,V,1.1,V,0.8,V,0.4,V,0.6,V,0.3,V,0.4,V,0.5,V,0.4,V,0.5,V,0.5,V,0.5,V,0.5,V,0.5,V,0.2,N,0.2,V,0.2,V,0.3,V
28,79,24,30,28079024_30_59,2020,2,0.2,V,0.3,V,0.6,V,0.9,V,0.5,V,0.7,V,0.9,V,0.8,V,0.6,V,0.7,V,1.0,V,0.9,V,0.5,V,0.7,V,0.7,V,0.6,V,0.3,V,0.4,V,0.8,V,0.9,V,0.6,V,0.8,V,0.6,V,0.7,V,0.6,V,0.3,V,0.2,V,0.4,V,0.3,V,0.0,N,0.0,N
28,79,24,35,28079024_35_59,2020,1,0.3,V,0.4,V,0.7,V,0.2,V,0.2,V,0.2,V,0.6,V,0.7,V,0.6,V,0.1,V,0.1,V,0.2,V,0.3,V,0.2,V,0.4,V,0.3,V,0.1,V,0.2,V,0.1,V,0.1,V,0.1,V,0.1,V,0.1,V,0.2,V,0.1,V,0.1,V,0.1,V,0.1,N,0.1,V,0.1,V,0.1,V
28,79,24,35,28079024_35_59,2020,2,0.1,V,0.1,V,0.3,V,0.8,V,0.2,V,0.1,V,0.3,V,0.2,V,0.1,V,0.3,V,0.6,V,0.6,V,0.2,V,0.3,V,0.2,V,0.1,V,0.1,V,0.1,V,0.5,V,0.4,V,0.2,V,0.3,V,0.1,V,0.3,V,0.5,V,0.1,V,0.1,V,0.2,V,0.1,V,0.0,N,0.0,N
28,79,24,42,28079024_42_2,2020,1,1.46,V,1.44,V,1.54,V,1.21,V,1.27,V,1.32,V,1.31,V,1.41,V,1.32,V,1.14,V,1.16,V,1.28,V,1.31,V,1.28,V,1.43,V,1.25,V,1.11,V,1.26,V,1.11,V,1.12,V,1.12,V,1.12,V,1.14,V,1.19,V,1.22,V,1.13,V,1.14,V,0.98,N,1.13,V,1.14,V,1.14,V
28,79,24,42,28079024_42_2,2020,2,1.12,V,1.2,V,1.22,V,1.42,V,1.19,V,1.25,V,1.27,V,1.29,V,1.22,V,1.25,V,1.41,V,1.4,V,1.19,V,1.25,V,1.25,V,1.24,V,1.17,V,1.16,N,1.21,N,1.26,V,1.25,V,1.25,V,1.25,V,1.24,V,1.56,N,1.14,V,1.14,V,1.23,V,1.14,N,0.0,N,0.0,N
28,79,24,43,28079024_43_2,2020,1,1.35,V,1.34,V,1.41,V,1.15,V,1.18,V,1.23,V,1.2,V,1.29,V,1.22,V,1.09,V,1.09,V,1.17,V,1.21,V,1.19,V,1.35,V,1.19,V,1.07,V,1.21,V,1.06,V,1.05,V,1.07,V,1.06,V,1.08,V,1.13,V,1.18,V,1.08,V,1.09,V,0.94,N,1.12,V,1.12,V,1.13,V
28,79,24,43,28079024_43_2,2020,2,1.12,V,1.18,V,1.17,V,1.34,V,1.13,V,1.19,V,1.2,V,1.24,V,1.18,V,1.21,V,1.34,V,1.34,V,1.16,V,1.2,V,1.2,V,1.19,V,1.14,V,1.12,N,1.15,N,1.19,V,1.19,V,1.19,V,1.21,V,1.19,V,1.5,N,1.13,V,1.13,V,1.2,V,1.15,N,0.0,N,0.0,N
28,79,24,44,28079024_44_2,2020,1,0.11,V,0.1,V,0.13,V,0.06,V,0.09,V,0.09,V,0.11,V,0.12,V,0.1,V,0.06,V,0.07,V,0.1,V,0.1,V,0.09,V,0.09,V,0.07,V,0.04,V,0.05,V,0.06,V,0.07,V,0.06,V,0.05,V,0.06,V,0.05,V,0.05,V,0.05,V,0.05,V,0.04,N,0.01,V,0.02,V,0.01,V
28,79,24,44,28079024_44_2,2020,2,0.01,V,0.02,V,0.05,V,0.08,V,0.06,V,0.06,V,0.07,V,0.05,V,0.03,V,0.05,V,0.07,V,0.06,V,0.03,V,0.05,V,0.05,V,0.05,V,0.03,V,0.04,N,0.06,N,0.07,V,0.06,V,0.07,V,0.04,V,0.05,V,0.06,N,0.01,V,0.01,V,0.03,V,0.0,N,0.0,N,0.0,N
28,79,27,7,28079027_7_8,2020,1,55.0,V,80.0,V,64.0,V,32.0,V,34.0,V,55.0,V,104.0,V,133.0,V,65.0,V,31.0,V,30.0,V,41.0,V,65.0,V,40.0,V,36.0,V,51.0,V,15.0,V,21.0,V,3.0,V,3.0,V,3.0,V,7.0,V,14.0,V,8.0,V,3.0,V,11.0,V,23.0,V,3.0,V,5.0,V,4.0,V,7.0,V
28,79,27,7,28079027_7_8,2020,2,6.0,V,6.0,V,48.0,V,49.0,V,32.0,V,33.0,V,47.0,V,35.0,V,31.0,V,44.0,V,43.0,V,43.0,V,31.0,V,34.0,V,47.0,V,25.0,V,38.0,V,11.0,V,36.0,V,34.0,V,36.0,V,29.0,V,23.0,V,42.0,V,31.0,V,4.0,V,17.0,V,39.0,V,11.0,V,0.0,N,0.0,N
28,79,27,8,28079027_8_8,2020,1,63.0,V,72.0,V,63.0,V,47.0,V,55.0,V,66.0,V,84.0,V,97.0,V,74.0,V,56.0,V,60.0,V,70.0,V,78.0,V,67.0,V,63.0,V,65.0,V,53.0,V,46.0,V,22.0,V,17.0,V,18.0,V,29.0,V,41.0,V,44.0,V,31.0,V,45.0,V,49.0,V,20.0,V,26.0,V,29.0,V,34.0,V
28,79,27,8,28079027_8_8,2020,2,23.0,V,42.0,V,42.0,V,50.0,V,49.0,V,55.0,V,58.0,V,57.0,V,50.0,V,60.0,V,53.0,V,53.0,V,50.0,V,45.0,V,48.0,V,42.0,V,50.0,V,40.0,V,52.0,V,67.0,V,63.0,V,65.0,V,60.0,V,71.0,V,46.0,V,21.0,V,31.0,V,65.0,V,23.0,V,0.0,N,0.0,N
28,79,27,12,28079027_12_8,2020,1,147.0,V,194.0,V,160.0,V,97.0,V,107.0,V,150.0,V,244.0,V,302.0,V,173.0,V,104.0,V,105.0,V,133.0,V,178.0,V,129.0,V,118.0,V,143.0,V,76.0,V,78.0,V,28.0,V,22.0,V,22.0,V,40.0,V,63.0,V,56.0,V,35.0,V,63.0,V,84.0,V,25.0,V,34.0,V,36.0,V,46.0,V
28,79,27,12,28079027_12_8,2020,2,32.0,V,52.0,V,116.0,V,125.0,V,98.0,V,106.0,V,130.0,V,111.0,V,97.0,V,127.0,V,119.0,V,118.0,V,97.0,V,98.0,V,120.0,V,80.0,V,108.0,V,56.0,V,107.0,V,119.0,V,118.0,V,109.0,V,95.0,V,135.0,V,94.0,V,27.0,V,56.0,V,125.0,V,40.0,V,0.0,N,0.0,N
28,79,27,14,28079027_14_6,2020,1,7.0,V,7.0,V,3.0,V,20.0,V,16.0,V,11.0,V,8.0,V,8.0,V,8.0,V,24.0,V,20.0,V,12.0,V,4.0,V,7.0,V,7.0,V,6.0,V,27.0,V,15.0,V,50.0,V,58.0,V,48.0,V,45.0,V,29.0,V,22.0,V,30.0,V,19.0,V,15.0,V,43.0,V,36.0,V,37.0,V,29.0,V
28,79,27,14,28079027_14_6,2020,2,31.0,V,10.0,V,12.0,V,14.0,V,31.0,V,14.0,V,12.0,V,8.0,V,8.0,V,6.0,V,3.0,V,2.0,V,8.0,V,16.0,V,15.0,V,20.0,V,8.0,V,32.0,V,32.0,V,20.0,V,28.0,V,26.0,V,35.0,V,24.0,V,33.0,V,64.0,V,50.0,V,24.0,V,48.0,V,0.0,N,0.0,N
28,79,35,1,28079035_1_38,2020,1,13.0,V,13.0,V,6.0,V,5.0,V,7.0,V,8.0,V,9.0,V,10.0,V,9.0,V,8.0,V,6.0,V,9.0,V,5.0,V,6.0,V,4.0,V,6.0,V,5.0,V,2.0,V,1.0,V,2.0,V,3.0,V,4.0,V,6.0,V,3.0,V,2.0,V,4.0,V,3.0,V,2.0,V,4.0,V,3.0,V,7.0,V
28,79,35,1,28079035_1_38,2020,2,9.0,V,4.0,V,4.0,V,7.0,V,7.0,V,3.0,V,3.0,V,1.0,V,1.0,V,9.0,V,20.0,V,23.0,V,19.0,V,13.0,V,7.0,V,8.0,V,5.0,V,2.0,V,9.0,V,12.0,V,5.0,V,8.0,V,7.0,V,9.0,V,9.0,V,10.0,V,10.0,V,11.0,V,9.0,V,0.0,N,0.0,N
28,79,35,6,28079035_6_48,2020,1,0.9,V,0.8,V,0.9,V,0.5,V,0.6,V,0.7,V,0.8,V,1.0,V,0.7,V,0.4,V,0.5,V,0.8,V,0.7,V,0.8,V,0.6,V,0.5,V,0.4,V,0.5,V,0.4,V,0.4,V,0.4,V,0.5,V,0.5,V,0.6,V,0.6,V,0.7,V,0.7,V,0.6,V,0.7,V,0.7,V,0.7,V
28,79,35,6,28079035_6_48,2020,2,0.8,N,0.9,N,0.9,N,1.0,V,0.8,V,0.9,V,0.9,V,1.0,V,1.0,V,1.1,V,1.4,V,1.4,V,1.1,V,0.6,V,1.6,V,1.7,V,1.0,V,0.5,V,0.7,V,1.0,V,0.8,V,1.1,V,0.9,V,1.1,V,0.7,V,0.2,V,0.3,V,0.5,V,0.4,V,0.0,N,0.0,N
28,79,35,7,28079035_7_8,2020,1,80.0,V,91.0,V,124.0,V,25.0,V,40.0,V,60.0,V,117.0,V,155.0,V,102.0,V,20.0,V,20.0,V,51.0,V,73.0,V,75.0,V,48.0,V,28.0,V,7.0,V,16.0,V,6.0,V,7.0,V,8.0,V,10.0,V,17.0,V,12.0,V,7.0,V,8.0,V,15.0,V,4.0,V,3.0,V,4.0,V,5.0,V
28,79,35,7,28079035_7_8,2020,2,2.0,V,7.0,V,47.0,V,82.0,V,23.0,V,28.0,V,26.0,V,22.0,V,10.0,V,26.0,V,57.0,V,39.0,V,13.0,V,28.0,V,39.0,V,30.0,V,12.0,V,15.0,V,29.0,V,75.0,V,41.0,V,51.0,V,25.0,V,39.0,V,42.0,V,7.0,V,6.0,V,33.0,V,10.0,V,0.0,N,0.0,N
28,79,35,8,28079035_8_8,2020,1,59.0,V,64.0,V,70.0,V,42.0,V,54.0,V,56.0,V,76.0,V,87.0,V,73.0,V,47.0,V,53.0,V,65.0,V,69.0,V,66.0,V,77.0,V,64.0,V,40.0,V,48.0,V,29.0,V,29.0,V,28.0,V,42.0,V,47.0,V,46.0,V,38.0,V,32.0,V,38.0,V,21.0,V,23.0,V,25.0,V,26.0,V
28,79,35,8,28079035_8_8,2020,2,19.0,V,34.0,V,49.0,V,62.0,V,53.0,V,62.0,V,56.0,V,45.0,V,35.0,V,49.0,V,59.0,V,54.0,V,39.0,V,52.0,V,46.0,V,39.0,V,37.0,V,48.0,V,58.0,V,77.0,V,69.0,V,75.0,V,58.0,V,69.0,V,59.0,V,28.0,V,28.0,V,58.0,V,24.0,V,0.0,N,0.0,N
28,79,35,12,28079035_12_8,2020,1,182.0,V,204.0,V,260.0,V,80.0,V,115.0,V,147.0,V,255.0,V,326.0,V,229.0,V,77.0,V,84.0,V,143.0,V,180.0,V,181.0,V,152.0,V,108.0,V,50.0,V,73.0,V,39.0,V,39.0,V,40.0,V,57.0,V,73.0,V,64.0,V,48.0,V,45.0,V,61.0,V,27.0,V,27.0,V,31.0,V,34.0,V
28,79,35,12,28079035_12_8,2020,2,22.0,V,44.0,V,121.0,V,187.0,V,88.0,V,104.0,V,96.0,V,79.0,V,51.0,V,88.0,V,146.0,V,114.0,V,59.0,V,95.0,V,106.0,V,85.0,V,56.0,V,70.0,V,102.0,V,192.0,V,131.0,V,153.0,V,97.0,V,129.0,V,123.0,V,40.0,V,37.0,V,109.0,V,39.0,V,0.0,N,0.0,N
28,79,35,14,28079035_14_6,2020,1,8.0,V,8.0,V,7.0,V,23.0,V,15.0,V,11.0,V,9.0,V,9.0,V,14.0,V,38.0,V,29.0,V,14.0,V,15.0,V,18.0,V,8.0,V,14.0,V,42.0,V,19.0,V,58.0,V,67.0,V,58.0,V,52.0,V,41.0,V,37.0,V,44.0,V,43.0,V,40.0,V,64.0,V,61.0,V,56.0,V,44.0,V
28,79,35,14,28079035_14_6,2020,2,41.0,V,16.0,V,7.0,V,6.0,V,27.0,V,15.0,V,21.0,V,24.0,V,37.0,V,24.0,V,6.0,V,6.0,V,23.0,V,13.0,V,25.0,V,34.0,V,26.0,V,44.0,V,42.0,V,13.0,V,35.0,V,22.0,V,45.0,V,26.0,V,33.0,V,91.0,V,82.0,V,46.0,V,75.0,V,0.0,N,0.0,N
28,79,36,1,28079036_1_38,2020,1,9.0,V,9.0,V,11.0,V,12.0,V,10.0,V,10.0,V,10.0,V,13.0,V,12.0,V,10.0,V,11.0,V,11.0,V,11.0,V,9.0,V,14.0,V,12.0,V,9.0,V,9.0,V,8.0,V,10.0,V,9.0,V,16.0,V,25.0,V,17.0,V,11.0,V,10.0,V,9.0,V,9.0,V,9.0,V,9.0,V,8.0,V
28,79,36,1,28079036_1_38,2020,2,8.0,V,9.0,V,11.0,V,14.0,V,19.0,V,17.0,V,8.0,V,4.0,V,5.0,V,4.0,V,7.0,V,8.0,V,4.0,V,6.0,V,5.0,V,4.0,V,4.0,V,5.0,V,7.0,V,8.0,V,7.0,V,6.0,V,7.0,V,5.0,V,7.0,V,4.0,V,4.0,V,9.0,V,5.0,V,0.0,N,0.0,N
28,79,36,6,28079036_6_48,2020,1,0.6,V,0.5,V,0.7,V,0.3,V,0.4,V,0.5,V,0.6,V,0.6,V,0.5,V,0.3,V,0.4,V,0.5,V,0.6,V,0.5,V,0.5,V,0.4,V,0.3,V,0.3,V,0.2,V,0.2,V,0.2,V,0.3,V,0.3,V,0.4,V,0.3,V,0.3,V,0.3,V,0.2,V,0.2,V,0.2,V,0.2,V
28,79,36,6,28079036_6_48,2020,2,0.2,V,0.3,V,0.4,V,0.5,V,0.4,V,0.4,V,0.4,V,0.4,V,0.4,V,0.4,V,0.4,V,0.4,V,0.3,V,0.4,V,0.4,V,0.4,V,0.3,V,0.3,V,0.4,V,0.5,V,0.4,V,0.4,V,0.3,V,0.4,V,0.5,V,0.2,V,0.2,V,0.4,V,0.2,V,0.0,N,0.0,N
28,79,36,7,28079036_7_8,2020,1,62.0,V,83.0,V,107.0,V,8.0,V,31.0,V,55.0,V,104.0,V,99.0,V,52.0,V,9.0,V,32.0,V,50.0,V,77.0,V,59.0,V,44.0,V,31.0,V,16.0,V,14.0,V,2.0,V,2.0,V,2.0,V,4.0,V,10.0,V,22.0,V,6.0,V,10.0,V,17.0,V,5.0,V,6.0,V,7.0,V,10.0,V
28,79,36,7,28079036_7_8,2020,2,4.0,V,7.0,V,50.0,V,91.0,V,40.0,V,38.0,V,54.0,V,30.0,V,18.0,V,33.0,V,54.0,V,44.0,V,25.0,V,37.0,V,44.0,V,30.0,V,18.0,V,12.0,V,33.0,V,58.0,V,29.0,V,22.0,V,16.0,V,31.0,V,60.0,V,6.0,V,9.0,V,41.0,V,5.0,V,0.0,N,0.0,N
28,79,36,8,28079036_8_8,2020,1,63.0,V,70.0,V,72.0,V,33.0,V,47.0,V,61.0,V,83.0,V,90.0,V,73.0,V,36.0,V,51.0,V,72.0,V,80.0,V,71.0,V,78.0,V,62.0,V,48.0,V,48.0,V,16.0,V,15.0,V,16.0,V,29.0,V,42.0,V,48.0,V,37.0,V,42.0,V,43.0,V,29.0,V,28.0,V,31.0,V,32.0,V
28,79,36,8,28079036_8_8,2020,2,22.0,V,33.0,V,48.0,V,60.0,V,57.0,V,59.0,V,63.0,V,58.0,V,48.0,V,55.0,V,58.0,V,55.0,V,45.0,V,50.0,V,52.0,V,42.0,V,42.0,V,39.0,V,51.0,V,77.0,V,57.0,V,61.0,V,47.0,V,64.0,V,64.0,V,26.0,V,30.0,V,60.0,V,23.0,V,0.0,N,0.0,N
28,79,36,10,28079036_10_47,2020,1,39.0,V,32.0,V,55.0,V,11.0,V,13.0,V,22.0,V,33.0,V,37.0,V,34.0,V,14.0,V,14.0,V,29.0,V,38.0,V,37.0,V,40.0,V,43.0,V,17.0,V,14.0,V,6.0,V,6.0,V,3.0,V,22.0,V,67.0,V,45.0,V,20.0,V,15.0,V,17.0,V,6.0,V,9.0,V,12.0,V,9.0,V
28,79,36,10,28079036_10_47,2020,2,7.0,V,15.0,V,43.0,V,56.0,V,16.0,V,27.0,V,35.0,V,42.0,V,29.0,V,26.0,V,39.0,V,38.0,V,25.0,V,28.0,V,26.0,V,26.0,V,18.0,V,13.0,V,16.0,V,32.0,V,21.0,V,23.0,V,16.0,V,25.0,V,31.0,V,9.0,V,95.0,V,89.0,V,49.0,V,0.0,N,0.0,N
28,79,36,12,28079036_12_8,2020,1,158.0,V,197.0,V,235.0,V,45.0,V,94.0,V,145.0,V,242.0,V,242.0,V,152.0,V,49.0,V,99.0,V,148.0,V,198.0,V,161.0,V,147.0,V,110.0,V,73.0,V,69.0,V,20.0,V,18.0,V,20.0,V,35.0,V,58.0,V,81.0,V,46.0,V,58.0,V,68.0,V,37.0,V,38.0,V,42.0,V,48.0,V
28,79,36,12,28079036_12_8,2020,2,28.0,V,45.0,V,124.0,V,200.0,V,117.0,V,117.0,V,145.0,V,103.0,V,76.0,V,105.0,V,141.0,V,122.0,V,83.0,V,108.0,V,120.0,V,88.0,V,70.0,V,58.0,V,101.0,V,166.0,V,102.0,V,95.0,V,72.0,V,112.0,V,157.0,V,36.0,V,44.0,V,123.0,V,30.0,V,0.0,N,0.0,N
28,79,38,1,28079038_1_38,2020,1,20.0,V,20.0,V,17.0,V,6.0,V,10.0,V,10.0,V,15.0,V,17.0,V,11.0,V,6.0,V,6.0,V,10.0,V,10.0,V,8.0,V,9.0,V,8.0,V,5.0,V,5.0,V,3.0,V,4.0,V,5.0,V,5.0,V,5.0,V,3.0,V,4.0,V,4.0,V,4.0,V,3.0,V,3.0,V,4.0,V,4.0,V
28,79,38,1,28079038_1_38,2020,2,2.0,V,2.0,V,5.0,V,5.0,V,5.0,V,5.0,V,4.0,V,4.0,V,3.0,V,3.0,V,4.0,V,3.0,V,2.0,V,3.0,V,3.0,V,3.0,V,2.0,V,3.0,V,4.0,V,7.0,V,5.0,V,6.0,V,4.0,V,5.0,V,4.0,V,2.0,V,3.0,V,4.0,V,2.0,V,0.0,N,0.0,N
28,79,38,7,28079038_7_8,2020,1,85.0,V,81.0,V,133.0,V,14.0,V,56.0,V,65.0,V,140.0,V,203.0,V,104.0,V,19.0,V,23.0,V,64.0,V,89.0,V,58.0,V,60.0,V,31.0,V,12.0,V,18.0,V,8.0,V,13.0,V,15.0,V,19.0,V,18.0,V,12.0,V,8.0,V,15.0,V,20.0,V,6.0,V,8.0,V,8.0,V,10.0,V
28,79,38,7,28079038_7_8,2020,2,6.0,V,13.0,V,47.0,V,83.0,V,25.0,V,26.0,V,24.0,V,28.0,V,12.0,V,34.0,V,62.0,V,45.0,V,15.0,V,37.0,V,29.0,V,29.0,V,20.0,V,20.0,V,33.0,V,71.0,V,50.0,V,52.0,V,25.0,V,41.0,V,33.0,V,8.0,V,9.0,V,34.0,V,8.0,V,0.0,N,0.0,N
28,79,38,8,28079038_8_8,2020,1,76.0,V,74.0,V,76.0,V,38.0,V,60.0,V,70.0,V,97.0,V,118.0,V,89.0,V,41.0,V,54.0,V,75.0,V,81.0,V,72.0,V,82.0,V,64.0,V,36.0,V,52.0,V,28.0,V,31.0,V,31.0,V,43.0,V,44.0,V,43.0,V,36.0,V,35.0,V,37.0,V,19.0,V,22.0,V,23.0,V,23.0,V
28,79,38,8,28079038_8_8,2020,2,15.0,V,34.0,V,46.0,V,65.0,V,51.0,V,57.0,V,53.0,V,49.0,V,38.0,V,48.0,V,59.0,V,54.0,V,35.0,V,52.0,V,45.0,V,39.0,V,33.0,V,43.0,V,55.0,V,87.0,V,69.0,V,78.0,V,57.0,V,68.0,V,47.0,V,21.0,V,24.0,V,53.0,V,20.0,V,0.0,N,0.0,N
28,79,38,9,28079038_9_47,2020,1,37.0,V,27.0,V,47.0,V,7.0,V,12.0,V,19.0,V,26.0,V,28.0,V,25.0,V,6.0,V,6.0,V,21.0,V,27.0,V,26.0,V,25.0,V,23.0,V,8.0,V,10.0,V,3.0,V,3.0,V,3.0,V,10.0,V,25.0,V,16.0,V,10.0,V,9.0,V,9.0,V,3.0,V,4.0,V,6.0,V,5.0,V
28,79,38,9,28079038_9_47,2020,2,4.0,V,13.0,V,21.0,V,25.0,V,6.0,V,15.0,V,18.0,V,22.0,V,16.0,V,17.0,V,30.0,V,28.0,V,18.0,V,21.0,V,20.0,V,17.0,V,10.0,V,8.0,V,9.0,V,19.0,V,10.0,V,16.0,V,10.0,V,12.0,V,7.0,V,4.0,V,19.0,V,24.0,V,14.0,V,0.0,N,0.0,N
28,79,38,10,28079038_10_47,2020,1,40.0,V,32.0,V,52.0,V,4.0,V,14.0,V,20.0,V,35.0,V,49.0,V,34.0,V,6.0,V,7.0,V,25.0,V,34.0,V,30.0,V,33.0,V,32.0,V,5.0,V,4.0,V,2.0,V,5.0,V,2.0,V,13.0,V,25.0,V,17.0,V,6.0,V,1.0,V,4.0,V,4.0,V,8.0,V,11.0,V,8.0,V
28,79,38,10,28079038_10_47,2020,2,6.0,V,17.0,V,45.0,V,53.0,V,12.0,V,26.0,V,31.0,V,34.0,V,23.0,V,24.0,V,41.0,V,37.0,V,24.0,V,29.0,V,26.0,V,23.0,V,14.0,V,14.0,V,18.0,V,36.0,V,22.0,V,30.0,V,19.0,V,26.0,V,16.0,V,8.0,V,91.0,V,74.0,V,46.0,V,0.0,N,0.0,N
28,79,38,12,28079038_12_8,2020,1,206.0,V,198.0,V,280.0,V,60.0,V,146.0,V,170.0,V,312.0,V,428.0,V,248.0,V,70.0,V,89.0,V,173.0,V,217.0,V,161.0,V,173.0,V,112.0,V,55.0,V,80.0,V,40.0,V,50.0,V,53.0,V,71.0,V,72.0,V,61.0,V,49.0,V,58.0,V,67.0,V,29.0,V,34.0,V,36.0,V,38.0,V
28,79,38,12,28079038_12_8,2020,2,24.0,V,54.0,V,118.0,V,192.0,V,89.0,V,97.0,V,89.0,V,92.0,V,56.0,V,100.0,V,154.0,V,122.0,V,58.0,V,108.0,V,89.0,V,84.0,V,64.0,V,74.0,V,106.0,V,196.0,V,146.0,V,158.0,V,96.0,V,131.0,V,97.0,V,34.0,V,38.0,V,105.0,V,32.0,V,0.0,N,0.0,N
28,79,38,20,28079038_20_59,2020,1,2.8,V,4.3,V,3.9,V,1.1,V,1.7,V,2.7,V,6.0,V,10.7,V,7.0,V,1.4,V,1.2,V,2.6,V,3.5,V,2.4,V,2.7,V,2.2,V,0.7,V,0.9,V,0.5,V,0.6,V,0.5,V,0.9,V,0.8,V,0.8,V,0.5,V,0.5,V,0.7,V,0.3,V,0.3,V,0.3,V,0.4,V
28,79,38,20,28079038_20_59,2020,2,0.2,V,0.4,V,1.3,V,3.9,V,2.2,V,2.1,V,1.8,V,1.6,V,0.8,V,1.7,V,2.8,V,2.1,V,1.0,V,1.7,V,1.5,V,1.2,V,0.8,V,1.2,V,1.9,V,4.5,V,4.0,V,4.0,V,2.0,V,2.8,V,1.6,V,0.4,V,0.3,V,1.4,V,0.6,V,0.0,N,0.0,N
28,79,38,30,28079038_30_59,2020,1,0.9,V,0.9,V,1.0,V,0.4,V,0.6,V,0.8,V,1.4,V,1.9,V,1.1,V,0.4,V,0.4,V,0.8,V,0.9,V,0.6,V,0.5,V,0.4,V,0.2,V,0.3,V,0.2,V,0.3,V,0.2,V,0.2,V,0.2,V,0.2,V,0.2,V,0.2,V,0.2,V,0.1,V,0.1,V,0.1,V,0.1,V
28,79,38,30,28079038_30_59,2020,2,0.1,V,0.1,V,0.2,V,0.6,V,0.6,V,0.4,V,0.3,V,0.4,V,0.3,V,0.4,V,0.5,V,0.4,V,0.2,V,0.3,V,0.3,V,0.3,V,0.2,V,0.3,V,0.5,V,0.8,V,0.9,V,0.9,V,0.5,V,0.5,V,0.3,V,0.2,V,0.2,V,0.3,V,0.2,V,0.0,N,0.0,N
28,79,38,35,28079038_35_59,2020,1,2.2,V,2.3,V,1.8,V,1.4,V,1.6,V,1.7,V,2.3,V,3.1,V,2.4,V,1.1,V,1.2,V,1.5,V,1.4,V,1.3,V,1.4,V,1.3,V,1.0,V,0.9,V,0.8,V,0.8,V,0.7,V,0.8,V,0.7,V,0.7,V,0.6,V,0.7,V,0.7,V,0.6,V,0.7,V,0.6,V,0.6,V
28,79,38,35,28079038_35_59,2020,2,0.5,V,0.6,V,0.8,V,1.8,V,1.6,V,1.6,V,1.6,V,1.5,V,1.2,V,1.4,V,1.6,V,1.3,V,1.2,V,1.4,V,1.9,V,1.4,V,1.1,V,1.3,V,1.7,V,2.9,V,2.5,V,2.7,V,2.2,V,2.2,V,1.2,V,0.8,V,0.8,V,1.2,V,0.8,V,0.0,N,0.0,N
28,79,39,6,28079039_6_48,2020,1,0.9,V,0.9,V,0.8,V,0.4,V,0.8,V,0.8,V,1.0,V,1.3,V,0.9,V,0.3,V,0.4,V,0.0,N,0.7,N,0.6,V,0.7,V,0.5,V,0.3,V,0.4,V,0.2,V,0.2,V,0.3,V,0.3,V,0.3,V,0.4,V,0.3,V,0.4,V,0.4,V,0.3,V,0.2,V,0.3,V,0.3,V
28,79,39,6,28079039_6_48,2020,2,0.2,V,0.3,V,0.4,V,0.6,V,0.5,V,0.4,V,0.5,V,0.5,V,0.4,V,0.5,V,0.5,V,0.5,V,0.3,V,0.4,V,0.5,V,0.5,V,0.3,V,0.3,V,0.4,V,0.8,N,0.7,V,0.7,V,0.6,V,0.5,V,0.4,V,0.3,V,0.3,V,0.5,V,0.3,V,0.0,N,0.0,N
28,79,39,7,28079039_7_8,2020,1,120.0,V,115.0,V,108.0,V,25.0,V,96.0,V,82.0,V,150.0,V,207.0,V,126.0,V,6.0,V,14.0,V,0.0,N,89.0,N,54.0,V,82.0,V,37.0,V,9.0,V,21.0,V,2.0,V,2.0,V,2.0,V,4.0,V,9.0,V,9.0,V,3.0,V,13.0,V,19.0,V,5.0,V,6.0,V,6.0,V,7.0,V
28,79,39,7,28079039_7_8,2020,2,4.0,V,7.0,V,40.0,V,72.0,V,32.0,V,26.0,V,48.0,V,31.0,V,8.0,V,36.0,V,46.0,V,39.0,V,13.0,V,28.0,V,44.0,V,35.0,V,14.0,V,6.0,V,26.0,V,99.0,N,65.0,V,64.0,V,35.0,V,35.0,V,39.0,V,4.0,V,5.0,V,44.0,V,13.0,V,0.0,N,0.0,N
28,79,39,8,28079039_8_8,2020,1,73.0,V,75.0,V,63.0,V,42.0,V,72.0,V,68.0,V,90.0,V,106.0,V,85.0,V,31.0,V,47.0,V,0.0,N,80.0,N,69.0,V,83.0,V,65.0,V,42.0,V,54.0,V,18.0,V,18.0,V,19.0,V,28.0,V,43.0,V,48.0,V,36.0,V,37.0,V,37.0,V,21.0,V,23.0,V,25.0,V,24.0,V
28,79,39,8,28079039_8_8,2020,2,17.0,V,31.0,V,42.0,V,58.0,V,51.0,V,60.0,V,62.0,V,52.0,V,36.0,V,53.0,V,55.0,V,53.0,V,35.0,V,47.0,V,49.0,V,39.0,V,33.0,V,34.0,V,46.0,V,92.0,N,71.0,V,73.0,V,59.0,V,69.0,V,52.0,V,18.0,V,21.0,V,60.0,V,21.0,V,0.0,N,0.0,N
28,79,39,12,28079039_12_8,2020,1,258.0,V,251.0,V,228.0,V,81.0,V,218.0,V,194.0,V,319.0,V,424.0,V,278.0,V,39.0,V,68.0,V,0.0,N,216.0,N,152.0,V,208.0,V,122.0,V,56.0,V,86.0,V,20.0,V,22.0,V,23.0,V,34.0,V,57.0,V,62.0,V,42.0,V,58.0,V,66.0,V,29.0,V,32.0,V,33.0,V,35.0,V
28,79,39,12,28079039_12_8,2020,2,23.0,V,42.0,V,103.0,V,168.0,V,99.0,V,99.0,V,136.0,V,99.0,V,48.0,V,108.0,V,126.0,V,113.0,V,55.0,V,90.0,V,117.0,V,93.0,V,55.0,V,43.0,V,87.0,V,244.0,N,171.0,V,170.0,V,112.0,V,123.0,V,111.0,V,24.0,V,28.0,V,128.0,V,41.0,V,0.0,N,0.0,N
28,79,39,14,28079039_14_6,2020,1,4.0,V,3.0,V,1.0,V,20.0,V,11.0,V,5.0,V,2.0,V,2.0,V,6.0,V,48.0,V,27.0,V,0.0,N,9.0,N,10.0,V,3.0,V,10.0,V,35.0,V,10.0,V,51.0,V,56.0,V,47.0,V,46.0,V,30.0,V,23.0,V,30.0,V,23.0,V,25.0,V,42.0,V,39.0,V,41.0,V,38.0,V
28,79,39,14,28079039_14_6,2020,2,36.0,V,17.0,V,13.0,V,10.0,V,34.0,V,15.0,V,14.0,V,15.0,V,24.0,V,13.0,V,5.0,V,4.0,V,15.0,V,12.0,V,16.0,V,20.0,V,18.0,V,37.0,V,35.0,V,19.0,N,30.0,V,22.0,V,35.0,V,22.0,V,34.0,V,66.0,V,58.0,V,29.0,V,48.0,V,0.0,N,0.0,N
28,79,40,1,28079040_1_38,2020,1,12.0,V,9.0,V,9.0,V,5.0,V,7.0,V,8.0,V,11.0,V,10.0,V,10.0,V,6.0,V,6.0,V,7.0,V,8.0,V,7.0,V,7.0,V,8.0,V,7.0,V,6.0,V,5.0,V,3.0,V,4.0,V,5.0,V,6.0,V,7.0,V,7.0,V,7.0,V,7.0,V,8.0,V,8.0,V,7.0,V,7.0,V
28,79,40,1,28079040_1_38,2020,2,6.0,V,5.0,V,7.0,V,8.0,V,6.0,V,7.0,V,7.0,V,6.0,V,6.0,V,6.0,V,8.0,V,7.0,V,7.0,V,7.0,V,8.0,V,8.0,V,7.0,V,7.0,V,7.0,V,9.0,V,9.0,V,10.0,V,8.0,V,8.0,V,8.0,V,7.0,V,7.0,V,8.0,V,7.0,V,0.0,N,0.0,N
28,79,40,7,28079040_7_8,2020,1,61.0,V,69.0,V,125.0,V,4.0,V,24.0,V,43.0,V,101.0,V,80.0,V,59.0,V,7.0,V,27.0,V,44.0,V,75.0,V,49.0,V,44.0,V,29.0,V,18.0,V,11.0,V,2.0,V,3.0,V,3.0,V,5.0,V,11.0,V,25.0,V,6.0,V,13.0,V,21.0,V,7.0,V,8.0,V,8.0,V,11.0,V
28,79,40,7,28079040_7_8,2020,2,6.0,V,6.0,V,43.0,V,92.0,V,18.0,V,27.0,V,36.0,V,22.0,V,17.0,V,37.0,V,52.0,V,38.0,V,28.0,V,32.0,V,41.0,V,35.0,V,19.0,V,11.0,V,26.0,V,53.0,V,25.0,V,23.0,V,14.0,V,24.0,V,44.0,V,6.0,V,8.0,V,32.0,V,4.0,V,0.0,N,0.0,N
28,79,40,8,28079040_8_8,2020,1,67.0,V,69.0,V,78.0,V,29.0,V,45.0,V,61.0,V,87.0,V,88.0,V,74.0,V,37.0,V,49.0,V,71.0,V,81.0,V,74.0,V,78.0,V,64.0,V,48.0,V,44.0,V,19.0,V,17.0,V,18.0,V,30.0,V,39.0,V,48.0,V,34.0,V,41.0,V,41.0,V,23.0,V,26.0,V,28.0,V,31.0,V
28,79,40,8,28079040_8_8,2020,2,20.0,V,30.0,V,46.0,V,61.0,V,54.0,V,60.0,V,60.0,V,55.0,V,50.0,V,56.0,V,58.0,V,53.0,V,43.0,V,49.0,V,52.0,V,45.0,V,43.0,V,38.0,V,49.0,V,82.0,V,55.0,V,66.0,V,46.0,V,64.0,V,60.0,V,24.0,V,29.0,V,56.0,V,20.0,V,0.0,N,0.0,N
28,79,40,10,28079040_10_47,2020,1,17.0,V,21.0,V,39.0,V,6.0,V,14.0,V,21.0,V,31.0,V,30.0,V,33.0,V,12.0,V,14.0,V,24.0,V,31.0,V,28.0,V,35.0,V,34.0,V,20.0,V,12.0,V,7.0,V,14.0,V,7.0,V,25.0,V,74.0,V,46.0,V,18.0,V,13.0,V,18.0,V,8.0,V,9.0,V,12.0,V,11.0,V
28,79,40,10,28079040_10_47,2020,2,8.0,V,11.0,V,41.0,V,49.0,V,15.0,V,25.0,V,30.0,V,28.0,V,19.0,V,5.0,N,10.0,N,15.0,V,14.0,V,19.0,V,22.0,V,21.0,V,16.0,V,11.0,V,15.0,V,28.0,V,24.0,V,25.0,V,16.0,V,25.0,V,30.0,V,6.0,V,104.0,V,91.0,V,47.0,V,0.0,N,0.0,N
28,79,40,12,28079040_12_8,2020,1,160.0,V,175.0,V,270.0,V,35.0,V,82.0,V,127.0,V,241.0,V,210.0,V,165.0,V,47.0,V,90.0,V,139.0,V,196.0,V,149.0,V,145.0,V,109.0,V,75.0,V,61.0,V,22.0,V,21.0,V,23.0,V,38.0,V,56.0,V,86.0,V,43.0,V,61.0,V,73.0,V,33.0,V,38.0,V,40.0,V,47.0,V
28,79,40,12,28079040_12_8,2020,2,29.0,V,39.0,V,112.0,V,202.0,V,82.0,V,101.0,V,116.0,V,88.0,V,76.0,V,113.0,V,138.0,V,112.0,V,86.0,V,98.0,V,114.0,V,99.0,V,72.0,V,55.0,V,90.0,V,162.0,V,93.0,V,101.0,V,67.0,V,100.0,V,128.0,V,33.0,V,41.0,V,105.0,V,26.0,V,0.0,N,0.0,N
28,79,47,7,28079047_7_8,2020,1,75.0,V,97.0,V,111.0,V,29.0,V,34.0,V,65.0,V,129.0,V,150.0,V,72.0,V,19.0,V,29.0,V,44.0,V,77.0,V,57.0,V,41.0,V,29.0,V,10.0,V,9.0,V,2.0,V,4.0,V,5.0,V,6.0,V,11.0,V,8.0,V,2.0,V,6.0,V,16.0,V,1.0,V,2.0,V,2.0,V,3.0,V
28,79,47,7,28079047_7_8,2020,2,2.0,V,3.0,V,42.0,V,72.0,V,29.0,V,39.0,V,48.0,V,25.0,V,14.0,V,32.0,V,45.0,V,25.0,V,10.0,V,25.0,V,46.0,V,23.0,V,16.0,V,7.0,V,31.0,V,62.0,V,54.0,V,44.0,V,35.0,V,39.0,V,42.0,V,2.0,V,2.0,V,40.0,V,11.0,V,0.0,N,0.0,N
28,79,47,8,28079047_8_8,2020,1,57.0,V,63.0,V,66.0,V,42.0,V,51.0,V,56.0,V,78.0,V,84.0,V,65.0,V,43.0,V,52.0,V,61.0,V,71.0,V,60.0,V,73.0,V,62.0,V,44.0,V,43.0,V,22.0,V,22.0,V,23.0,V,35.0,V,40.0,V,41.0,V,31.0,V,34.0,V,38.0,V,20.0,V,19.0,V,24.0,V,22.0,V
28,79,47,8,28079047_8_8,2020,2,16.0,V,29.0,V,45.0,V,54.0,V,52.0,V,57.0,V,51.0,V,49.0,V,38.0,V,51.0,V,53.0,V,48.0,V,37.0,V,47.0,V,41.0,V,33.0,V,41.0,V,39.0,V,48.0,V,67.0,V,59.0,V,63.0,V,55.0,V,60.0,V,49.0,V,18.0,V,19.0,V,51.0,V,22.0,V,0.0,N,0.0,N
28,79,47,9,28079047_9_47,2020,1,28.0,V,23.0,V,34.0,V,12.0,V,10.0,V,17.0,V,22.0,V,20.0,V,20.0,V,8.0,V,7.0,V,16.0,V,21.0,V,23.0,V,18.0,V,20.0,V,7.0,V,8.0,V,3.0,V,4.0,V,3.0,V,6.0,V,17.0,V,11.0,V,7.0,V,8.0,V,9.0,V,3.0,V,4.0,V,6.0,V,4.0,V
28,79,47,9,28079047_9_47,2020,2,3.0,V,7.0,V,18.0,V,20.0,V,5.0,V,12.0,V,17.0,V,20.0,V,14.0,V,15.0,V,22.0,V,21.0,V,15.0,V,15.0,V,16.0,V,14.0,V,9.0,V,7.0,V,8.0,V,13.0,V,10.0,V,13.0,V,10.0,V,11.0,V,12.0,V,3.0,V,19.0,V,21.0,V,13.0,V,0.0,N,0.0,N
28,79,47,10,28079047_10_47,2020,1,33.0,V,30.0,V,41.0,V,15.0,V,12.0,V,21.0,V,30.0,V,33.0,V,26.0,V,11.0,V,10.0,V,21.0,V,26.0,V,29.0,V,26.0,V,32.0,V,11.0,V,11.0,V,5.0,V,8.0,V,6.0,V,15.0,V,44.0,V,28.0,V,14.0,V,10.0,V,13.0,V,5.0,V,6.0,V,9.0,V,6.0,V
28,79,47,10,28079047_10_47,2020,2,4.0,V,9.0,V,32.0,V,36.0,V,10.0,V,18.0,V,23.0,V,22.0,V,15.0,V,19.0,V,29.0,V,27.0,V,18.0,V,20.0,V,21.0,V,18.0,V,12.0,V,11.0,V,13.0,V,20.0,V,17.0,V,19.0,V,14.0,V,18.0,V,19.0,V,8.0,V,70.0,V,55.0,V,31.0,V,0.0,N,0.0,N
28,79,47,12,28079047_12_8,2020,1,172.0,V,212.0,V,236.0,V,86.0,V,103.0,V,157.0,V,276.0,V,314.0,V,176.0,V,72.0,V,97.0,V,129.0,V,188.0,V,147.0,V,136.0,V,106.0,V,59.0,V,57.0,V,25.0,V,28.0,V,30.0,V,44.0,V,57.0,V,53.0,V,33.0,V,43.0,V,62.0,V,22.0,V,21.0,V,27.0,V,26.0,V
28,79,47,12,28079047_12_8,2020,2,18.0,V,33.0,V,110.0,V,165.0,V,96.0,V,117.0,V,124.0,V,87.0,V,59.0,V,100.0,V,123.0,V,87.0,V,52.0,V,85.0,V,112.0,V,68.0,V,65.0,V,49.0,V,95.0,V,162.0,V,142.0,V,130.0,V,109.0,V,120.0,V,113.0,V,21.0,V,22.0,V,113.0,V,38.0,V,0.0,N,0.0,N
28,79,48,7,28079048_7_8,2020,1,50.0,V,50.0,V,97.0,V,2.0,V,32.0,V,26.0,V,83.0,V,122.0,V,51.0,V,5.0,V,12.0,V,38.0,V,60.0,V,40.0,V,38.0,V,28.0,V,11.0,V,12.0,V,2.0,V,2.0,V,1.0,V,3.0,V,8.0,V,9.0,V,4.0,V,6.0,V,19.0,V,8.0,V,10.0,V,9.0,V,11.0,V
28,79,48,7,28079048_7_8,2020,2,5.0,V,7.0,V,43.0,V,68.0,V,12.0,V,22.0,V,22.0,V,21.0,V,7.0,V,32.0,V,49.0,V,43.0,V,17.0,V,25.0,V,21.0,V,20.0,V,15.0,V,7.0,V,15.0,V,33.0,V,42.0,V,27.0,V,13.0,V,23.0,V,40.0,V,6.0,V,8.0,V,24.0,V,11.0,V,0.0,N,0.0,N
28,79,48,8,28079048_8_8,2020,1,64.0,V,62.0,V,70.0,V,26.0,V,46.0,V,54.0,V,80.0,V,94.0,V,76.0,V,32.0,V,42.0,V,65.0,V,75.0,V,67.0,V,78.0,V,65.0,V,44.0,V,52.0,V,17.0,V,14.0,V,14.0,V,25.0,V,39.0,V,45.0,V,34.0,V,35.0,V,44.0,V,29.0,V,30.0,V,32.0,V,31.0,V
28,79,48,8,28079048_8_8,2020,2,22.0,V,37.0,V,43.0,V,59.0,V,42.0,V,57.0,V,55.0,V,50.0,V,38.0,V,51.0,V,57.0,V,53.0,V,41.0,V,47.0,V,47.0,V,43.0,V,36.0,V,34.0,V,47.0,V,72.0,V,60.0,V,62.0,V,49.0,V,60.0,V,56.0,V,26.0,V,30.0,V,55.0,V,28.0,V,0.0,N,0.0,N
28,79,48,9,28079048_9_47,2020,1,34.0,V,24.0,V,44.0,V,8.0,V,12.0,V,16.0,V,21.0,V,25.0,V,23.0,V,7.0,V,7.0,V,22.0,V,26.0,V,27.0,V,25.0,V,24.0,V,10.0,V,11.0,V,4.0,V,3.0,V,3.0,V,9.0,V,19.0,V,16.0,V,11.0,V,11.0,V,11.0,V,6.0,V,7.0,V,9.0,V,8.0,V
28,79,48,9,28079048_9_47,2020,2,7.0,V,15.0,V,22.0,V,27.0,V,6.0,V,17.0,V,21.0,V,28.0,V,20.0,V,21.0,V,33.0,V,33.0,V,23.0,V,24.0,V,21.0,V,20.0,V,12.0,V,9.0,V,9.0,V,16.0,V,12.0,V,15.0,V,10.0,V,13.0,V,12.0,V,5.0,V,21.0,V,23.0,V,16.0,V,0.0,N,0.0,N
28,79,48,10,28079048_10_47,2020,1,40.0,V,31.0,V,54.0,V,9.0,V,16.0,V,20.0,V,31.0,V,39.0,V,33.0,V,12.0,V,11.0,V,27.0,V,35.0,V,36.0,V,38.0,V,41.0,V,17.0,V,15.0,V,6.0,V,7.0,V,5.0,V,21.0,V,57.0,V,38.0,V,18.0,V,14.0,V,17.0,V,9.0,V,12.0,V,13.0,V,12.0,V
28,79,48,10,28079048_10_47,2020,2,9.0,V,19.0,V,43.0,V,51.0,V,10.0,V,25.0,V,31.0,V,39.0,V,26.0,V,28.0,V,42.0,V,41.0,V,28.0,V,30.0,V,27.0,V,25.0,V,18.0,V,14.0,V,16.0,V,26.0,V,22.0,V,25.0,V,16.0,V,22.0,V,21.0,V,11.0,V,85.0,V,65.0,V,48.0,V,0.0,N,0.0,N
28,79,48,12,28079048_12_8,2020,1,141.0,V,139.0,V,219.0,V,29.0,V,94.0,V,93.0,V,207.0,V,282.0,V,154.0,V,39.0,V,60.0,V,123.0,V,167.0,V,128.0,V,137.0,V,108.0,V,62.0,V,71.0,V,20.0,V,16.0,V,16.0,V,30.0,V,51.0,V,58.0,V,40.0,V,43.0,V,73.0,V,41.0,V,46.0,V,46.0,V,47.0,V
28,79,48,12,28079048_12_8,2020,2,29.0,V,48.0,V,109.0,V,163.0,V,60.0,V,91.0,V,89.0,V,82.0,V,48.0,V,99.0,V,133.0,V,119.0,V,68.0,V,85.0,V,79.0,V,73.0,V,59.0,V,45.0,V,70.0,V,123.0,V,125.0,V,103.0,V,69.0,V,96.0,V,118.0,V,36.0,V,42.0,V,91.0,V,44.0,V,0.0,N,0.0,N
28,79,49,7,28079049_7_8,2020,1,49.0,V,50.0,V,122.0,V,2.0,V,16.0,V,26.0,V,74.0,V,114.0,V,60.0,V,4.0,V,8.0,V,35.0,V,61.0,V,40.0,V,24.0,V,11.0,V,2.0,V,7.0,V,1.0,V,1.0,V,2.0,V,2.0,V,6.0,V,3.0,V,1.0,V,4.0,V,10.0,V,1.0,V,1.0,V,1.0,V,2.0,V
28,79,49,7,28079049_7_8,2020,2,1.0,V,2.0,V,36.0,V,71.0,V,12.0,V,15.0,V,16.0,V,16.0,V,5.0,V,23.0,V,43.0,V,26.0,V,6.0,V,15.0,V,27.0,V,34.0,V,7.0,V,3.0,V,9.0,V,38.0,V,20.0,V,20.0,V,6.0,V,17.0,V,39.0,V,1.0,V,1.0,V,21.0,V,12.0,V,0.0,N,0.0,N
28,79,49,8,28079049_8_8,2020,1,49.0,V,52.0,V,64.0,V,31.0,V,39.0,V,44.0,V,66.0,V,79.0,V,65.0,V,32.0,V,37.0,V,57.0,V,64.0,V,52.0,V,64.0,V,52.0,V,29.0,V,39.0,V,15.0,V,20.0,V,20.0,V,30.0,V,37.0,V,34.0,V,25.0,V,24.0,V,34.0,V,17.0,V,17.0,V,20.0,V,20.0,V
28,79,49,8,28079049_8_8,2020,2,14.0,V,25.0,V,41.0,V,53.0,V,38.0,V,50.0,V,44.0,V,36.0,V,29.0,V,44.0,V,51.0,V,48.0,V,34.0,V,40.0,V,36.0,V,34.0,V,33.0,V,32.0,V,40.0,V,66.0,V,47.0,V,55.0,V,35.0,V,50.0,V,46.0,V,14.0,V,16.0,V,41.0,V,19.0,V,0.0,N,0.0,N
28,79,49,12,28079049_12_8,2020,1,124.0,V,129.0,V,250.0,V,35.0,V,64.0,V,84.0,V,179.0,V,253.0,V,158.0,V,39.0,V,49.0,V,110.0,V,157.0,V,113.0,V,100.0,V,69.0,V,33.0,V,49.0,V,16.0,V,22.0,V,23.0,V,33.0,V,45.0,V,39.0,V,26.0,V,30.0,V,48.0,V,19.0,V,19.0,V,22.0,V,24.0,V
28,79,49,12,28079049_12_8,2020,2,15.0,V,28.0,V,95.0,V,162.0,V,57.0,V,72.0,V,69.0,V,60.0,V,37.0,V,79.0,V,117.0,V,88.0,V,44.0,V,63.0,V,78.0,V,87.0,V,44.0,V,36.0,V,53.0,V,125.0,V,77.0,V,86.0,V,44.0,V,76.0,V,106.0,V,16.0,V,19.0,V,74.0,V,37.0,V,0.0,N,0.0,N
28,79,49,14,28079049_14_6,2020,1,3.0,V,3.0,V,1.0,V,33.0,V,19.0,V,8.0,V,3.0,V,3.0,V,7.0,V,44.0,V,35.0,V,8.0,V,6.0,V,15.0,V,4.0,V,7.0,V,40.0,V,18.0,V,56.0,V,58.0,V,47.0,V,45.0,V,34.0,V,30.0,V,36.0,V,28.0,V,24.0,V,46.0,V,44.0,V,44.0,V,41.0,V
28,79,49,14,28079049_14_6,2020,2,37.0,V,22.0,V,10.0,V,7.0,V,37.0,V,16.0,V,16.0,V,18.0,V,24.0,V,12.0,V,2.0,V,2.0,V,13.0,V,10.0,V,17.0,V,21.0,V,14.0,V,35.0,V,35.0,V,14.0,V,37.0,V,22.0,V,45.0,V,28.0,V,31.0,V,71.0,V,61.0,V,34.0,V,51.0,V,0.0,N,0.0,N
28,79,50,7,28079050_7_8,2020,1,58.0,V,61.0,V,82.0,V,5.0,V,60.0,V,34.0,V,89.0,V,110.0,V,64.0,V,15.0,V,22.0,V,56.0,V,60.0,V,54.0,V,55.0,V,46.0,V,27.0,V,23.0,V,5.0,V,3.0,V,4.0,V,5.0,V,9.0,V,8.0,V,8.0,V,21.0,V,34.0,V,19.0,V,21.0,V,23.0,V,26.0,V
28,79,50,7,28079050_7_8,2020,2,14.0,V,17.0,V,45.0,V,67.0,V,14.0,V,33.0,V,30.0,V,39.0,V,16.0,V,49.0,V,52.0,V,54.0,V,36.0,V,35.0,V,29.0,V,24.0,V,32.0,V,14.0,V,28.0,V,35.0,V,38.0,V,29.0,V,16.0,V,31.0,V,35.0,V,23.0,V,23.0,V,38.0,V,12.0,V,0.0,N,0.0,N
28,79,50,8,28079050_8_8,2020,1,64.0,V,64.0,V,66.0,V,22.0,V,52.0,V,55.0,V,81.0,V,91.0,V,77.0,V,38.0,V,44.0,V,68.0,V,72.0,V,69.0,V,79.0,V,66.0,V,44.0,V,53.0,V,19.0,V,13.0,V,14.0,V,23.0,V,35.0,V,41.0,V,34.0,V,36.0,V,42.0,V,24.0,V,27.0,V,30.0,V,31.0,V
28,79,50,8,28079050_8_8,2020,2,20.0,V,36.0,V,42.0,V,58.0,V,40.0,V,58.0,V,53.0,V,54.0,V,39.0,V,53.0,V,56.0,V,53.0,V,42.0,V,48.0,V,44.0,V,40.0,V,36.0,V,32.0,V,48.0,V,69.0,V,60.0,V,62.0,V,48.0,V,59.0,V,52.0,V,32.0,V,31.0,V,56.0,V,22.0,V,0.0,N,0.0,N
28,79,50,9,28079050_9_47,2020,1,23.0,V,13.0,V,26.0,V,5.0,V,10.0,V,17.0,V,23.0,V,18.0,V,12.0,V,11.0,V,6.0,V,9.0,V,13.0,V,12.0,V,13.0,V,15.0,V,10.0,V,10.0,V,10.0,V,7.0,V,5.0,V,7.0,V,13.0,V,8.0,V,11.0,V,9.0,V,8.0,V,4.0,V,5.0,V,6.0,V,5.0,V
28,79,50,9,28079050_9_47,2020,2,3.0,V,12.0,V,15.0,V,18.0,V,4.0,V,13.0,V,17.0,V,20.0,V,16.0,V,17.0,V,23.0,V,24.0,V,16.0,V,16.0,V,16.0,V,17.0,V,10.0,V,5.0,V,7.0,V,13.0,V,9.0,V,12.0,V,8.0,V,10.0,V,8.0,V,5.0,V,15.0,V,18.0,V,11.0,V,0.0,N,0.0,N
28,79,50,10,28079050_10_47,2020,1,30.0,V,24.0,V,38.0,V,7.0,V,16.0,V,23.0,V,34.0,V,32.0,V,22.0,V,15.0,V,9.0,V,16.0,V,18.0,V,21.0,V,24.0,V,27.0,V,16.0,V,13.0,V,15.0,V,8.0,V,5.0,V,14.0,V,38.0,V,21.0,V,15.0,V,12.0,V,11.0,V,8.0,V,11.0,V,13.0,V,10.0,V
28,79,50,10,28079050_10_47,2020,2,6.0,V,15.0,V,36.0,V,43.0,V,7.0,V,22.0,V,28.0,V,32.0,V,22.0,V,24.0,V,31.0,V,31.0,V,22.0,V,21.0,V,21.0,V,20.0,V,13.0,V,8.0,V,13.0,V,23.0,V,17.0,V,20.0,V,14.0,V,20.0,V,17.0,V,10.0,V,82.0,V,67.0,V,40.0,V,0.0,N,0.0,N
28,79,50,12,28079050_12_8,2020,1,153.0,V,158.0,V,192.0,V,29.0,V,145.0,V,108.0,V,217.0,V,260.0,V,175.0,V,61.0,V,77.0,V,153.0,V,164.0,V,152.0,V,164.0,V,135.0,V,85.0,V,88.0,V,27.0,V,18.0,V,20.0,V,31.0,V,49.0,V,53.0,V,46.0,V,68.0,V,94.0,V,53.0,V,59.0,V,66.0,V,71.0,V
28,79,50,12,28079050_12_8,2020,2,41.0,V,63.0,V,111.0,V,160.0,V,61.0,V,109.0,V,98.0,V,113.0,V,63.0,V,128.0,V,136.0,V,136.0,V,97.0,V,102.0,V,89.0,V,77.0,V,85.0,V,53.0,V,92.0,V,123.0,V,118.0,V,106.0,V,72.0,V,107.0,V,106.0,V,66.0,V,65.0,V,114.0,V,41.0,V,0.0,N,0.0,N
28,79,54,7,28079054_7_8,2020,1,76.0,V,54.0,N,99.0,V,8.0,V,71.0,V,57.0,V,130.0,V,137.0,V,74.0,V,19.0,V,38.0,V,53.0,V,67.0,V,75.0,V,67.0,V,23.0,V,14.0,V,10.0,V,2.0,V,5.0,V,6.0,V,10.0,V,16.0,V,17.0,V,7.0,V,5.0,V,8.0,V,2.0,V,2.0,V,3.0,V,3.0,V
28,79,54,7,28079054_7_8,2020,2,2.0,V,3.0,V,34.0,V,73.0,V,43.0,V,34.0,V,44.0,V,42.0,V,24.0,V,28.0,V,46.0,V,29.0,V,13.0,V,46.0,V,63.0,V,32.0,V,13.0,V,16.0,V,57.0,V,73.0,V,59.0,V,43.0,V,30.0,V,24.0,V,35.0,V,3.0,V,6.0,V,35.0,V,1.0,V,0.0,N,0.0,N
28,79,54,8,28079054_8_8,2020,1,68.0,V,59.0,N,75.0,V,39.0,V,59.0,V,64.0,V,90.0,V,93.0,V,72.0,V,53.0,V,54.0,V,72.0,V,77.0,V,77.0,V,81.0,V,59.0,V,51.0,V,45.0,V,28.0,V,30.0,V,30.0,V,42.0,V,46.0,V,49.0,V,42.0,V,41.0,V,41.0,V,25.0,V,26.0,V,31.0,V,30.0,V
28,79,54,8,28079054_8_8,2020,2,22.0,V,29.0,V,44.0,V,59.0,V,64.0,V,66.0,V,61.0,V,62.0,V,52.0,V,53.0,V,58.0,V,53.0,V,42.0,V,54.0,V,56.0,V,42.0,V,43.0,V,45.0,V,61.0,V,85.0,V,67.0,V,69.0,V,54.0,V,66.0,V,55.0,V,27.0,V,36.0,V,57.0,V,21.0,V,0.0,N,0.0,N
28,79,54,12,28079054_12_8,2020,1,184.0,V,141.0,N,228.0,V,51.0,V,168.0,V,152.0,V,289.0,V,303.0,V,185.0,V,82.0,V,112.0,V,153.0,V,179.0,V,192.0,V,184.0,V,95.0,V,72.0,V,60.0,V,31.0,V,38.0,V,39.0,V,57.0,V,69.0,V,75.0,V,53.0,V,48.0,V,54.0,V,28.0,V,29.0,V,35.0,V,35.0,V
28,79,54,12,28079054_12_8,2020,2,25.0,V,34.0,V,96.0,V,171.0,V,131.0,V,118.0,V,128.0,V,126.0,V,90.0,V,96.0,V,128.0,V,98.0,V,62.0,V,124.0,V,153.0,V,91.0,V,62.0,V,70.0,V,148.0,V,197.0,V,158.0,V,135.0,V,100.0,V,104.0,V,109.0,V,31.0,V,45.0,V,110.0,V,22.0,V,0.0,N,0.0,N
28,79,54,14,28079054_14_6,2020,1,8.0,V,3.0,N,2.0,V,34.0,V,24.0,V,13.0,V,6.0,V,8.0,V,12.0,V,34.0,V,36.0,V,13.0,V,8.0,V,12.0,V,5.0,V,19.0,V,34.0,V,24.0,V,58.0,V,58.0,V,48.0,V,46.0,V,36.0,V,32.0,V,35.0,V,31.0,V,32.0,V,47.0,V,46.0,V,43.0,V,43.0,V
28,79,54,14,28079054_14_6,2020,2,40.0,V,30.0,V,15.0,V,11.0,V,28.0,V,16.0,V,16.0,V,11.0,V,19.0,V,15.0,V,4.0,V,3.0,V,13.0,V,12.0,V,17.0,V,26.0,V,15.0,V,31.0,V,34.0,V,17.0,V,35.0,V,26.0,V,42.0,V,28.0,V,32.0,V,68.0,V,51.0,V,30.0,V,56.0,V,0.0,N,0.0,N
28,79,55,7,28079055_7_8,2020,1,65.0,V,92.0,V,88.0,V,19.0,V,39.0,V,56.0,V,111.0,V,138.0,V,65.0,V,38.0,V,34.0,V,41.0,V,77.0,V,42.0,V,50.0,V,48.0,V,19.0,V,23.0,V,2.0,V,4.0,V,4.0,V,6.0,V,21.0,V,16.0,V,7.0,V,12.0,V,27.0,V,5.0,V,6.0,V,6.0,V,8.0,V
28,79,55,7,28079055_7_8,2020,2,8.0,V,11.0,V,53.0,V,73.0,V,39.0,V,39.0,V,57.0,V,44.0,V,28.0,V,55.0,V,56.0,V,48.0,V,36.0,V,48.0,V,55.0,V,35.0,V,48.0,V,14.0,V,40.0,V,43.0,V,36.0,V,38.0,V,24.0,V,55.0,V,44.0,V,5.0,V,27.0,V,59.0,V,12.0,V,0.0,N,0.0,N
28,79,55,8,28079055_8_8,2020,1,61.0,V,68.0,V,63.0,V,43.0,V,57.0,V,63.0,V,82.0,V,93.0,V,69.0,V,51.0,V,58.0,V,67.0,V,76.0,V,63.0,V,66.0,V,60.0,V,54.0,V,46.0,V,18.0,V,16.0,V,16.0,V,27.0,V,45.0,V,48.0,V,36.0,V,45.0,V,44.0,V,19.0,V,21.0,V,26.0,V,26.0,V
28,79,55,8,28079055_8_8,2020,2,18.0,V,37.0,V,38.0,V,54.0,V,49.0,V,56.0,V,56.0,V,53.0,V,44.0,V,56.0,V,49.0,V,49.0,V,45.0,V,46.0,V,47.0,V,41.0,V,47.0,V,39.0,V,49.0,V,66.0,V,62.0,V,69.0,V,56.0,V,72.0,V,46.0,V,20.0,V,30.0,V,65.0,V,19.0,V,0.0,N,0.0,N
28,79,55,10,28079055_10_47,2020,1,33.0,V,34.0,V,44.0,V,16.0,V,19.0,V,25.0,V,36.0,V,40.0,V,37.0,V,8.0,N,9.0,N,10.0,N,7.0,N,9.0,N,13.0,N,2.0,N,21.0,V,16.0,V,5.0,V,5.0,V,4.0,V,23.0,V,63.0,V,48.0,V,23.0,V,20.0,V,26.0,V,22.0,V,23.0,V,27.0,V,26.0,V
28,79,55,10,28079055_10_47,2020,2,30.0,V,38.0,V,60.0,V,56.0,V,16.0,V,21.0,V,38.0,V,47.0,V,34.0,V,54.0,V,55.0,V,58.0,V,53.0,V,33.0,V,31.0,V,35.0,V,40.0,V,14.0,V,12.0,V,18.0,V,20.0,V,21.0,V,15.0,V,22.0,V,27.0,V,11.0,V,101.0,V,90.0,V,65.0,V,0.0,N,0.0,N
28,79,55,12,28079055_12_8,2020,1,161.0,V,209.0,V,199.0,V,72.0,V,117.0,V,149.0,V,253.0,V,305.0,V,169.0,V,109.0,V,109.0,V,130.0,V,195.0,V,128.0,V,142.0,V,134.0,V,83.0,V,81.0,V,22.0,V,22.0,V,21.0,V,35.0,V,77.0,V,74.0,V,46.0,V,63.0,V,85.0,V,26.0,V,30.0,V,35.0,V,38.0,V
28,79,55,12,28079055_12_8,2020,2,31.0,V,54.0,V,119.0,V,165.0,V,109.0,V,115.0,V,144.0,V,120.0,V,86.0,V,140.0,V,136.0,V,122.0,V,100.0,V,119.0,V,131.0,V,95.0,V,121.0,V,61.0,V,110.0,V,132.0,V,118.0,V,127.0,V,92.0,V,157.0,V,113.0,V,28.0,V,73.0,V,155.0,V,38.0,V,0.0,N,0.0,N
28,79,55,20,28079055_20_59,2020,1,3.2,V,4.1,V,5.2,V,2.5,V,2.8,V,2.9,V,5.2,V,7.3,V,5.7,V,3.1,V,2.0,V,2.6,V,4.7,V,4.1,V,5.2,V,4.8,V,5.8,V,2.6,V,0.7,V,0.6,V,0.8,V,1.0,V,3.2,V,3.0,V,1.8,V,2.3,V,3.8,V,1.6,V,2.1,V,2.2,V,2.3,V
28,79,55,20,28079055_20_59,2020,2,1.9,V,2.1,V,3.8,V,6.4,V,2.2,V,1.9,V,2.5,V,3.0,V,1.7,V,5.6,V,3.5,V,3.8,V,3.0,V,2.2,V,2.0,V,1.3,V,1.7,V,0.7,V,1.4,V,2.2,V,2.2,V,1.9,V,2.0,V,2.0,V,1.8,V,0.5,V,0.9,V,2.0,V,0.8,V,0.0,N,0.0,N
28,79,55,30,28079055_30_59,2020,1,1.4,V,1.5,V,1.7,V,1.0,V,1.0,V,1.4,V,1.6,V,2.0,V,1.3,V,0.8,V,0.9,V,1.4,V,1.7,V,1.5,V,1.6,V,1.4,V,1.0,V,1.1,V,0.5,V,0.5,V,0.6,V,0.6,V,1.1,V,0.9,V,0.7,V,1.0,V,1.1,V,0.5,V,0.6,V,0.6,V,0.7,V
28,79,55,30,28079055_30_59,2020,2,0.5,V,0.7,V,0.8,V,1.1,V,0.7,V,0.7,V,0.8,V,0.9,V,0.7,V,0.9,V,0.8,V,0.8,V,0.6,V,0.6,V,0.7,V,0.5,V,0.6,V,0.3,V,0.5,V,1.0,V,0.6,V,0.6,V,0.5,V,0.6,V,0.5,V,0.3,V,0.3,V,0.5,V,0.2,V,0.0,N,0.0,N
28,79,55,35,28079055_35_59,2020,1,0.7,V,0.7,V,1.1,V,0.4,V,0.4,V,0.5,V,0.9,V,1.4,V,0.9,V,0.5,V,0.4,V,0.5,V,1.1,V,0.7,V,0.7,V,0.8,V,0.7,V,0.5,V,0.1,V,0.2,V,0.2,V,0.2,V,0.3,V,0.6,V,0.3,V,0.4,V,0.5,V,0.2,V,0.3,V,0.3,V,0.3,V
28,79,55,35,28079055_35_59,2020,2,0.4,V,0.5,V,0.7,V,1.0,V,0.4,V,0.4,V,0.4,V,0.5,V,0.3,V,0.6,V,0.6,V,0.7,V,0.5,V,0.4,V,0.4,V,0.2,V,0.3,V,0.1,V,0.2,V,0.8,V,0.1,V,0.1,V,0.8,V,0.1,V,0.1,V,0.1,V,0.1,V,0.1,V,0.1,V,0.0,N,0.0,N
28,79,55,42,28079055_42_2,2020,1,1.73,V,1.71,V,1.81,V,1.38,V,1.42,V,1.58,V,1.58,V,1.63,V,1.54,V,1.42,V,1.42,V,1.64,V,1.62,V,1.54,V,1.45,V,1.42,V,1.34,V,1.35,V,1.24,V,1.23,V,1.24,V,1.22,V,1.28,V,1.29,V,1.27,V,1.32,V,1.45,V,1.23,V,1.23,V,1.24,V,1.25,N
28,79,55,42,28079055_42_2,2020,2,1.28,N,1.43,N,1.55,V,1.55,V,1.35,V,1.41,V,1.46,V,1.51,V,1.43,V,1.73,V,1.56,V,1.57,V,1.51,V,1.41,V,1.55,V,1.49,V,1.56,V,1.32,V,1.4,V,1.43,V,1.42,V,1.5,V,1.44,V,1.44,V,1.48,V,1.28,V,1.31,V,1.45,V,1.35,V,0.0,N,0.0,N
28,79,55,43,28079055_43_2,2020,1,1.56,V,1.52,V,1.62,V,1.28,V,1.32,V,1.47,V,1.43,V,1.45,V,1.43,V,1.32,V,1.3,V,1.5,V,1.46,V,1.43,V,1.36,V,1.34,V,1.27,V,1.3,V,1.17,V,1.15,V,1.19,V,1.18,V,1.22,V,1.24,V,1.24,V,1.26,V,1.4,V,1.22,V,1.21,V,1.21,V,1.23,N
28,79,55,43,28079055_43_2,2020,2,1.29,N,1.44,N,1.46,V,1.42,V,1.22,V,1.29,V,1.34,V,1.39,V,1.34,V,1.62,V,1.45,V,1.48,V,1.41,V,1.28,V,1.41,V,1.38,V,1.45,V,1.22,V,1.25,V,1.27,V,1.26,V,1.33,V,1.28,V,1.27,V,1.32,V,1.15,V,1.18,V,1.26,V,1.24,V,0.0,N,0.0,N
28,79,55,44,28079055_44_2,2020,1,0.17,V,0.19,V,0.2,V,0.1,V,0.1,V,0.11,V,0.15,V,0.18,V,0.11,V,0.11,V,0.11,V,0.14,V,0.16,V,0.11,V,0.1,V,0.08,V,0.07,V,0.06,V,0.07,V,0.09,V,0.06,V,0.04,V,0.07,V,0.05,V,0.03,V,0.06,V,0.05,V,0.02,V,0.02,V,0.03,V,0.02,N
28,79,55,44,28079055_44_2,2020,2,0.0,N,0.0,N,0.09,V,0.13,V,0.13,V,0.12,V,0.13,V,0.12,V,0.09,V,0.1,V,0.11,V,0.09,V,0.1,V,0.13,V,0.14,V,0.11,V,0.1,V,0.11,V,0.15,V,0.16,V,0.17,V,0.17,V,0.17,V,0.17,V,0.16,V,0.12,V,0.14,V,0.19,V,0.11,V,0.0,N,0.0,N
28,79,56,6,28079056_6_48,2020,1,0.8,V,0.9,V,0.8,V,0.6,V,0.6,V,0.7,V,1.0,V,1.0,V,0.7,V,0.5,V,0.6,V,0.6,V,0.8,V,0.7,V,0.6,V,0.6,V,0.4,V,0.4,V,0.3,V,0.3,V,0.3,V,0.4,V,0.4,V,0.4,V,0.4,V,0.4,V,0.4,V,0.2,V,0.2,V,0.3,V,0.3,V
28,79,56,6,28079056_6_48,2020,2,0.3,V,0.3,V,0.6,V,0.6,V,0.5,V,0.5,V,0.7,V,0.6,V,0.4,V,0.6,V,0.5,V,0.5,V,0.4,V,0.6,V,0.7,V,0.5,V,0.4,V,0.4,V,0.5,V,0.7,V,0.7,V,0.6,V,0.5,V,0.5,V,0.5,V,0.3,V,0.3,V,0.5,V,0.3,V,0.0,N,0.0,N
28,79,56,7,28079056_7_8,2020,1,103.0,V,158.0,V,141.0,V,69.0,V,83.0,V,102.0,V,178.0,V,178.0,V,116.0,V,61.0,V,78.0,V,84.0,V,121.0,V,88.0,V,92.0,V,72.0,V,46.0,V,41.0,V,19.0,V,23.0,V,26.0,V,39.0,V,50.0,V,49.0,V,27.0,V,28.0,V,34.0,V,11.0,V,13.0,V,22.0,V,19.0,V
28,79,56,7,28079056_7_8,2020,2,15.0,V,17.0,V,93.0,V,104.0,V,65.0,V,64.0,V,111.0,V,70.0,V,41.0,V,75.0,V,69.0,V,54.0,V,36.0,V,79.0,V,91.0,V,49.0,V,36.0,V,33.0,V,64.0,V,98.0,V,107.0,V,69.0,V,51.0,V,63.0,V,74.0,V,12.0,V,17.0,V,79.0,V,20.0,V,0.0,N,0.0,N
28,79,56,8,28079056_8_8,2020,1,66.0,V,80.0,V,75.0,V,61.0,V,67.0,V,70.0,V,93.0,V,96.0,V,81.0,V,65.0,V,72.0,V,73.0,V,82.0,V,71.0,V,87.0,V,77.0,V,55.0,V,53.0,V,36.0,V,39.0,V,38.0,V,58.0,V,61.0,V,60.0,V,54.0,V,45.0,V,45.0,V,23.0,V,27.0,V,36.0,V,30.0,V
28,79,56,8,28079056_8_8,2020,2,23.0,V,34.0,V,59.0,V,66.0,V,68.0,V,67.0,V,70.0,V,61.0,V,47.0,V,63.0,V,58.0,V,57.0,V,44.0,V,61.0,V,59.0,V,45.0,V,48.0,V,57.0,V,63.0,V,82.0,V,85.0,V,78.0,V,68.0,V,72.0,V,60.0,V,26.0,V,33.0,V,66.0,V,25.0,V,0.0,N,0.0,N
28,79,56,9,28079056_9_47,2020,1,38.0,V,32.0,V,42.0,V,16.0,V,16.0,V,21.0,V,29.0,V,26.0,V,26.0,V,11.0,V,12.0,V,21.0,V,27.0,V,25.0,V,26.0,V,23.0,V,10.0,V,10.0,V,4.0,V,4.0,V,3.0,V,9.0,V,20.0,V,15.0,V,12.0,V,9.0,V,11.0,V,4.0,V,5.0,V,8.0,V,6.0,V
28,79,56,9,28079056_9_47,2020,2,4.0,V,11.0,V,24.0,V,24.0,V,9.0,V,15.0,V,22.0,V,25.0,V,17.0,V,19.0,V,25.0,V,25.0,V,19.0,V,24.0,V,24.0,V,18.0,V,11.0,V,10.0,V,10.0,V,18.0,V,15.0,V,19.0,V,13.0,V,15.0,V,17.0,V,5.0,V,14.0,V,24.0,V,12.0,V,0.0,N,0.0,N
28,79,56,10,28079056_10_47,2020,1,44.0,V,43.0,V,50.0,V,19.0,V,21.0,V,25.0,V,39.0,V,37.0,V,34.0,V,15.0,V,17.0,V,27.0,V,34.0,V,31.0,V,34.0,V,34.0,V,14.0,V,13.0,V,7.0,V,8.0,V,5.0,V,19.0,V,52.0,V,33.0,V,19.0,V,12.0,V,15.0,V,6.0,V,7.0,V,12.0,V,8.0,V
28,79,56,10,28079056_10_47,2020,2,6.0,V,13.0,V,40.0,V,40.0,V,14.0,V,23.0,V,32.0,V,34.0,V,22.0,V,24.0,V,31.0,V,30.0,V,25.0,V,29.0,V,30.0,V,22.0,V,14.0,V,14.0,V,17.0,V,29.0,V,25.0,V,28.0,V,20.0,V,24.0,V,26.0,V,13.0,V,57.0,V,62.0,V,32.0,V,0.0,N,0.0,N
28,79,56,12,28079056_12_8,2020,1,224.0,V,322.0,V,292.0,V,167.0,V,194.0,V,226.0,V,366.0,V,370.0,V,258.0,V,159.0,V,192.0,V,203.0,V,267.0,V,205.0,V,228.0,V,187.0,V,125.0,V,116.0,V,66.0,V,75.0,V,77.0,V,117.0,V,138.0,V,135.0,V,95.0,V,89.0,V,97.0,V,41.0,V,47.0,V,70.0,V,60.0,V
28,79,56,12,28079056_12_8,2020,2,46.0,V,60.0,V,201.0,V,225.0,V,167.0,V,165.0,V,241.0,V,167.0,V,111.0,V,178.0,V,163.0,V,140.0,V,98.0,V,183.0,V,198.0,V,120.0,V,104.0,V,108.0,V,161.0,V,233.0,V,248.0,V,185.0,V,146.0,V,169.0,V,174.0,V,45.0,V,60.0,V,188.0,V,56.0,V,0.0,N,0.0,N
28,79,56,14,28079056_14_6,2020,1,7.0,V,7.0,V,4.0,V,15.0,V,9.0,V,9.0,V,6.0,V,7.0,V,10.0,V,31.0,V,17.0,V,11.0,V,9.0,V,14.0,V,7.0,V,9.0,V,32.0,V,19.0,V,45.0,V,49.0,V,41.0,V,35.0,V,23.0,V,24.0,V,23.0,V,24.0,V,26.0,V,48.0,V,44.0,V,40.0,V,42.0,V
28,79,56,14,28079056_14_6,2020,2,41.0,V,26.0,V,14.0,V,9.0,V,25.0,V,14.0,V,15.0,V,15.0,V,25.0,V,14.0,V,8.0,V,7.0,V,17.0,V,12.0,V,11.0,V,23.0,V,16.0,V,23.0,V,27.0,V,14.0,V,20.0,V,18.0,V,27.0,V,23.0,V,31.0,V,66.0,V,54.0,V,32.0,V,52.0,V,0.0,N,0.0,N
28,79,57,1,28079057_1_38,2020,1,7.0,V,8.0,V,6.0,V,5.0,V,7.0,V,6.0,V,8.0,V,10.0,V,9.0,V,5.0,V,6.0,V,7.0,V,7.0,V,6.0,V,7.0,V,6.0,V,5.0,V,5.0,V,5.0,V,5.0,V,5.0,V,5.0,V,5.0,V,5.0,V,5.0,V,5.0,V,5.0,N,5.0,V,5.0,V,5.0,V,5.0,V
28,79,57,1,28079057_1_38,2020,2,5.0,V,5.0,V,6.0,V,6.0,V,6.0,V,5.0,V,6.0,V,6.0,V,5.0,V,6.0,V,6.0,V,6.0,V,5.0,V,6.0,V,6.0,V,5.0,V,5.0,V,5.0,V,6.0,V,6.0,V,6.0,V,6.0,V,6.0,V,6.0,V,6.0,V,5.0,V,5.0,V,6.0,V,5.0,V,0.0,N,0.0,N
28,79,57,6,28079057_6_48,2020,1,0.4,V,0.5,V,0.4,V,0.3,V,0.5,V,0.4,V,0.6,V,0.8,V,0.6,V,0.3,V,0.3,V,0.5,V,0.5,V,0.5,V,0.5,V,0.4,V,0.3,V,0.3,V,0.2,V,0.2,V,0.2,N,0.2,N,0.3,V,0.3,V,0.3,V,0.3,V,0.3,N,0.2,V,0.2,V,0.2,V,0.2,V
28,79,57,6,28079057_6_48,2020,2,0.2,V,0.3,V,0.4,V,0.4,V,0.3,V,0.4,V,0.4,V,0.4,V,0.3,V,0.5,V,0.4,V,0.4,V,0.3,V,0.4,V,0.3,V,0.3,V,0.3,V,0.3,V,0.4,V,0.4,V,0.4,V,0.4,V,0.3,V,0.3,V,0.3,V,0.2,V,0.2,V,0.4,V,0.2,V,0.0,N,0.0,N
28,79,57,7,28079057_7_8,2020,1,52.0,V,101.0,V,50.0,V,8.0,V,62.0,V,36.0,V,105.0,V,140.0,V,81.0,V,11.0,V,26.0,V,45.0,V,41.0,V,45.0,V,48.0,V,36.0,V,8.0,V,14.0,V,2.0,V,2.0,V,3.0,V,4.0,V,10.0,V,9.0,V,4.0,V,15.0,V,18.0,N,4.0,V,5.0,V,5.0,V,7.0,V
28,79,57,7,28079057_7_8,2020,2,4.0,V,8.0,V,36.0,V,41.0,V,24.0,V,24.0,V,28.0,V,31.0,V,16.0,V,62.0,V,44.0,V,42.0,V,14.0,V,35.0,V,27.0,V,12.0,V,13.0,V,9.0,V,33.0,V,44.0,V,43.0,V,28.0,V,15.0,V,18.0,V,28.0,V,4.0,V,4.0,V,31.0,V,13.0,V,0.0,N,0.0,N
28,79,57,8,28079057_8_8,2020,1,58.0,V,70.0,V,56.0,V,32.0,V,52.0,V,52.0,V,80.0,V,94.0,V,79.0,V,39.0,V,47.0,V,55.0,V,64.0,V,63.0,V,71.0,V,57.0,V,36.0,V,42.0,V,12.0,V,9.0,V,10.0,V,17.0,V,35.0,V,43.0,V,29.0,V,38.0,V,42.0,N,18.0,V,19.0,V,22.0,V,23.0,V
28,79,57,8,28079057_8_8,2020,2,14.0,V,30.0,V,36.0,V,43.0,V,43.0,V,49.0,V,50.0,V,50.0,V,39.0,V,62.0,V,51.0,V,51.0,V,36.0,V,45.0,V,42.0,V,30.0,V,31.0,V,28.0,V,46.0,V,63.0,V,58.0,V,56.0,V,44.0,V,46.0,V,47.0,V,17.0,V,18.0,V,55.0,V,20.0,V,0.0,N,0.0,N
28,79,57,10,28079057_10_47,2020,1,34.0,V,34.0,V,38.0,V,10.0,V,17.0,V,19.0,V,30.0,V,34.0,V,34.0,V,14.0,V,10.0,V,24.0,V,29.0,V,38.0,V,43.0,V,41.0,V,12.0,V,13.0,V,3.0,V,3.0,V,2.0,V,20.0,V,53.0,V,36.0,V,15.0,V,13.0,V,14.0,N,4.0,V,7.0,V,9.0,V,7.0,V
28,79,57,10,28079057_10_47,2020,2,5.0,V,15.0,V,39.0,V,35.0,V,8.0,V,20.0,V,28.0,V,33.0,V,27.0,V,34.0,V,32.0,V,33.0,V,23.0,V,22.0,V,21.0,V,21.0,V,13.0,V,8.0,V,12.0,V,22.0,V,16.0,V,20.0,V,13.0,V,15.0,V,19.0,V,7.0,V,72.0,V,65.0,V,41.0,V,0.0,N,0.0,N
28,79,57,12,28079057_12_8,2020,1,137.0,V,225.0,V,132.0,V,43.0,V,146.0,V,107.0,V,241.0,V,309.0,V,203.0,V,55.0,V,87.0,V,125.0,V,127.0,V,132.0,V,144.0,V,112.0,V,49.0,V,63.0,V,16.0,V,13.0,V,14.0,V,23.0,V,50.0,V,56.0,V,35.0,V,61.0,V,70.0,N,25.0,V,27.0,V,30.0,V,35.0,V
28,79,57,12,28079057_12_8,2020,2,20.0,V,42.0,V,92.0,V,107.0,V,81.0,V,86.0,V,93.0,V,97.0,V,63.0,V,158.0,V,118.0,V,116.0,V,58.0,V,98.0,V,84.0,V,48.0,V,51.0,V,41.0,V,97.0,V,130.0,V,123.0,V,99.0,V,67.0,V,73.0,V,90.0,V,23.0,V,25.0,V,102.0,V,40.0,V,0.0,N,0.0,N
28,79,58,7,28079058_7_8,2020,1,25.0,V,32.0,V,50.0,V,15.0,V,9.0,V,15.0,V,30.0,V,35.0,V,33.0,V,7.0,V,3.0,V,7.0,V,15.0,V,14.0,V,31.0,V,18.0,V,11.0,V,3.0,V,1.0,V,1.0,V,1.0,V,1.0,V,4.0,V,6.0,V,2.0,V,3.0,V,4.0,V,1.0,V,2.0,V,2.0,V,3.0,V
28,79,58,7,28079058_7_8,2020,2,3.0,V,3.0,V,9.0,V,20.0,V,6.0,V,8.0,V,13.0,V,6.0,V,2.0,V,20.0,V,20.0,V,22.0,V,7.0,V,8.0,V,7.0,V,6.0,V,6.0,V,4.0,V,5.0,V,9.0,V,8.0,V,5.0,V,4.0,V,9.0,V,8.0,V,2.0,V,2.0,V,7.0,V,1.0,V,0.0,N,0.0,N
28,79,58,8,28079058_8_8,2020,1,33.0,V,37.0,V,37.0,V,17.0,V,23.0,V,33.0,V,40.0,V,49.0,V,48.0,V,14.0,V,17.0,V,32.0,V,37.0,V,34.0,V,43.0,V,33.0,V,20.0,V,22.0,V,5.0,V,6.0,V,4.0,V,7.0,V,20.0,V,31.0,V,17.0,V,14.0,V,15.0,V,5.0,V,7.0,V,8.0,V,10.0,V
28,79,58,8,28079058_8_8,2020,2,10.0,V,17.0,V,20.0,V,29.0,V,16.0,V,22.0,V,25.0,V,17.0,V,12.0,V,32.0,V,30.0,V,41.0,V,20.0,V,22.0,V,16.0,V,14.0,V,14.0,V,13.0,V,13.0,V,26.0,V,27.0,V,27.0,V,22.0,V,25.0,V,13.0,V,6.0,V,9.0,V,24.0,V,7.0,V,0.0,N,0.0,N
28,79,58,12,28079058_12_8,2020,1,72.0,V,85.0,V,114.0,V,41.0,V,38.0,V,56.0,V,86.0,V,102.0,V,98.0,V,25.0,V,21.0,V,42.0,V,60.0,V,55.0,V,91.0,V,60.0,V,37.0,V,26.0,V,7.0,V,9.0,V,5.0,V,9.0,V,25.0,V,40.0,V,21.0,V,19.0,V,21.0,V,7.0,V,9.0,V,11.0,V,14.0,V
28,79,58,12,28079058_12_8,2020,2,14.0,V,21.0,V,33.0,V,60.0,V,25.0,V,35.0,V,45.0,V,27.0,V,15.0,V,63.0,V,62.0,V,74.0,V,31.0,V,35.0,V,27.0,V,23.0,V,23.0,V,20.0,V,21.0,V,40.0,V,39.0,V,34.0,V,28.0,V,38.0,V,25.0,V,9.0,V,12.0,V,35.0,V,10.0,V,0.0,N,0.0,N
28,79,58,14,28079058_14_6,2020,1,8.0,N,9.0,N,5.0,V,23.0,V,18.0,V,12.0,V,8.0,V,6.0,V,10.0,V,48.0,V,31.0,V,17.0,V,11.0,V,12.0,V,5.0,V,8.0,V,28.0,V,19.0,V,55.0,V,68.0,V,63.0,V,65.0,V,43.0,V,24.0,V,35.0,V,28.0,V,28.0,V,55.0,V,51.0,V,51.0,V,47.0,V
28,79,58,14,28079058_14_6,2020,2,36.0,V,24.0,V,19.0,V,10.0,V,33.0,V,18.0,V,15.0,V,18.0,V,30.0,V,10.0,V,6.0,V,5.0,V,19.0,V,15.0,V,18.0,V,21.0,V,13.0,V,32.0,V,37.0,V,27.0,V,32.0,V,30.0,V,38.0,V,34.0,V,45.0,V,80.0,V,68.0,V,38.0,V,47.0,V,0.0,N,0.0,N
28,79,59,7,28079059_7_8,2020,1,19.0,V,38.0,V,40.0,V,3.0,V,19.0,V,29.0,V,65.0,V,84.0,V,42.0,V,11.0,V,18.0,V,23.0,V,33.0,V,22.0,V,26.0,V,22.0,V,6.0,V,9.0,V,1.0,V,1.0,V,1.0,V,1.0,V,4.0,V,4.0,V,1.0,V,8.0,V,13.0,V,3.0,V,3.0,V,3.0,V,5.0,V
28,79,59,7,28079059_7_8,2020,2,2.0,V,5.0,V,39.0,V,41.0,V,13.0,V,19.0,V,29.0,V,25.0,V,19.0,V,39.0,V,37.0,V,35.0,V,18.0,V,29.0,V,26.0,V,12.0,V,21.0,V,3.0,V,26.0,V,15.0,V,25.0,V,16.0,V,18.0,V,16.0,V,26.0,V,3.0,V,10.0,V,37.0,V,11.0,V,0.0,N,0.0,N
28,79,59,8,28079059_8_8,2020,1,37.0,V,46.0,V,49.0,V,21.0,V,32.0,V,38.0,V,56.0,V,69.0,V,61.0,V,30.0,V,38.0,V,42.0,V,56.0,V,48.0,V,53.0,V,49.0,V,36.0,V,35.0,V,8.0,V,10.0,V,11.0,V,13.0,V,27.0,V,33.0,V,19.0,V,36.0,V,40.0,V,18.0,V,20.0,V,23.0,V,25.0,V
28,79,59,8,28079059_8_8,2020,2,16.0,V,32.0,V,37.0,V,42.0,V,34.0,V,41.0,V,43.0,V,45.0,V,36.0,V,51.0,V,46.0,V,47.0,V,40.0,V,38.0,V,36.0,V,31.0,V,38.0,V,20.0,V,34.0,V,41.0,V,41.0,V,42.0,V,36.0,V,45.0,V,43.0,V,16.0,V,23.0,V,51.0,V,20.0,V,0.0,N,0.0,N
28,79,59,12,28079059_12_8,2020,1,66.0,V,104.0,V,111.0,V,26.0,V,61.0,V,82.0,V,155.0,V,197.0,V,126.0,V,46.0,V,65.0,V,77.0,V,107.0,V,81.0,V,92.0,V,83.0,V,45.0,V,49.0,V,10.0,V,12.0,V,13.0,V,15.0,V,34.0,V,39.0,V,21.0,V,48.0,V,60.0,V,22.0,V,25.0,V,28.0,V,32.0,V
28,79,59,12,28079059_12_8,2020,2,20.0,V,39.0,V,96.0,V,105.0,V,53.0,V,71.0,V,88.0,V,84.0,V,65.0,V,111.0,V,103.0,V,101.0,V,67.0,V,82.0,V,76.0,V,49.0,V,70.0,V,24.0,V,73.0,V,64.0,V,79.0,V,66.0,V,62.0,V,69.0,V,82.0,V,20.0,V,37.0,V,109.0,V,36.0,V,0.0,N,0.0,N
28,79,59,14,28079059_14_6,2020,1,11.0,V,9.0,V,2.0,V,30.0,V,24.0,V,19.0,V,12.0,V,9.0,V,8.0,V,35.0,V,30.0,V,22.0,V,7.0,V,9.0,V,6.0,V,9.0,V,34.0,V,17.0,V,57.0,V,58.0,V,48.0,V,52.0,V,33.0,V,24.0,V,37.0,V,20.0,V,17.0,V,42.0,V,39.0,V,40.0,V,35.0,V
28,79,59,14,28079059_14_6,2020,2,35.0,V,16.0,V,13.0,V,13.0,V,35.0,V,15.0,V,14.0,V,9.0,V,12.0,V,5.0,V,3.0,V,2.0,V,8.0,V,12.0,V,14.0,V,19.0,V,8.0,V,36.0,V,35.0,V,27.0,V,34.0,V,31.0,V,42.0,V,32.0,V,27.0,V,62.0,V,51.0,V,26.0,V,48.0,V,0.0,N,0.0,N
28,79,60,7,28079060_7_8,2020,1,51.0,V,76.0,V,72.0,V,8.0,V,39.0,V,34.0,V,106.0,V,125.0,V,113.0,V,11.0,V,21.0,V,37.0,V,49.0,V,47.0,V,54.0,V,21.0,V,3.0,V,12.0,V,1.0,V,1.0,V,1.0,V,2.0,V,4.0,V,5.0,V,1.0,V,7.0,V,9.0,V,1.0,V,1.0,V,3.0,V,5.0,V
28,79,60,7,28079060_7_8,2020,2,3.0,V,5.0,V,31.0,V,52.0,V,16.0,V,23.0,V,30.0,V,23.0,V,9.0,V,42.0,V,34.0,V,35.0,V,9.0,V,28.0,V,21.0,V,14.0,V,8.0,V,7.0,V,24.0,V,31.0,V,23.0,V,25.0,V,12.0,V,20.0,V,24.0,V,4.0,V,5.0,V,34.0,V,9.0,V,0.0,N,0.0,N
28,79,60,8,28079060_8_8,2020,1,75.0,V,81.0,V,80.0,V,46.0,V,66.0,V,69.0,V,105.0,V,114.0,V,107.0,V,40.0,V,63.0,V,75.0,V,78.0,V,64.0,V,73.0,V,49.0,V,26.0,V,40.0,V,5.0,V,8.0,V,8.0,V,13.0,V,27.0,V,36.0,V,22.0,V,23.0,V,28.0,V,7.0,V,8.0,V,17.0,V,21.0,V
28,79,60,8,28079060_8_8,2020,2,14.0,V,30.0,V,47.0,V,61.0,V,52.0,V,68.0,V,68.0,V,60.0,V,42.0,V,71.0,V,65.0,V,65.0,V,39.0,V,55.0,V,52.0,V,42.0,V,33.0,V,38.0,V,56.0,V,86.0,V,73.0,V,77.0,V,61.0,V,71.0,V,59.0,V,21.0,V,21.0,V,65.0,V,22.0,V,0.0,N,0.0,N
28,79,60,10,28079060_10_47,2020,1,24.0,V,19.0,V,23.0,V,6.0,V,14.0,V,14.0,V,23.0,V,24.0,V,27.0,V,8.0,V,11.0,V,15.0,V,18.0,V,24.0,V,30.0,V,21.0,V,11.0,V,9.0,V,4.0,V,7.0,V,5.0,V,20.0,V,51.0,V,33.0,V,12.0,V,10.0,V,11.0,V,5.0,V,6.0,V,8.0,V,6.0,V
28,79,60,10,28079060_10_47,2020,2,6.0,V,9.0,V,32.0,V,33.0,V,9.0,V,19.0,V,24.0,V,24.0,V,15.0,V,22.0,V,17.0,V,18.0,V,10.0,V,15.0,V,14.0,V,16.0,V,9.0,V,7.0,V,11.0,V,17.0,V,16.0,V,19.0,V,14.0,V,17.0,V,18.0,V,8.0,V,77.0,V,60.0,V,41.0,V,0.0,N,0.0,N
28,79,60,12,28079060_12_8,2020,1,153.0,V,198.0,V,190.0,V,58.0,V,125.0,V,121.0,V,268.0,V,305.0,V,280.0,V,58.0,V,96.0,V,131.0,V,154.0,V,137.0,V,156.0,V,82.0,V,30.0,V,58.0,V,7.0,V,10.0,V,10.0,V,16.0,V,34.0,V,43.0,V,24.0,V,33.0,V,42.0,V,9.0,V,10.0,V,22.0,V,29.0,V
28,79,60,12,28079060_12_8,2020,2,19.0,V,37.0,V,94.0,V,140.0,V,77.0,V,102.0,V,115.0,V,96.0,V,55.0,V,136.0,V,118.0,V,119.0,V,52.0,V,98.0,V,85.0,V,63.0,V,45.0,V,49.0,V,92.0,V,134.0,V,108.0,V,116.0,V,79.0,V,101.0,V,96.0,V,27.0,V,28.0,V,117.0,V,36.0,V,0.0,N,0.0,N
28,79,60,14,28079060_14_6,2020,1,6.0,V,5.0,V,2.0,V,24.0,V,17.0,V,10.0,V,4.0,V,5.0,V,5.0,V,45.0,V,28.0,V,17.0,V,7.0,V,11.0,V,3.0,V,14.0,V,45.0,V,17.0,V,63.0,V,65.0,V,57.0,V,58.0,V,41.0,V,27.0,V,42.0,V,35.0,V,31.0,V,56.0,V,53.0,V,55.0,V,51.0,V
28,79,60,14,28079060_14_6,2020,2,48.0,V,31.0,V,20.0,V,20.0,V,48.0,V,24.0,V,22.0,V,22.0,V,33.0,V,12.0,V,9.0,V,8.0,V,25.0,V,21.0,V,25.0,V,34.0,V,33.0,V,53.0,V,48.0,V,28.0,V,47.0,V,40.0,V,53.0,V,44.0,V,50.0,V,83.0,V,75.0,V,37.0,V,58.0,V,0.0,N,0.0,N
